question,answer,category,sub_category,fatwa_number,date,url
السلام  علیکم ورحمتہ اللہ وبرکاتہ! حضرت قرآن و احادیث کی روشنی میں رہنمائی فرمائیں کہ کیا ’’ ماہِ  رمضان‘‘ میں فوت ہونے والے کا کوئی قبر کا حساب نہیں، وہ سیدھا جنت میں جائے گا ؟ جواب کا منتظر سائل جزاک اللہ خیر۔,جی ہاں ! احادیثِ مبارکہ اور علماءِ کرام کی تشریحات کے مطابق رمضان میں انتقال کرنے والا شخص اگر مؤمن اور اطاعت گزار ہو، تو وہ عذاب قبر سے محفوظ رہے گا، البتہ اگر اطاعت گزار نہ ہو بلکہ گنہگار ہو، تو اسے ایک لمحہ کے لئے جنبش تو ضرور ہو گی، لیکن اس کے بعد فورا ہی اس سے ہمیشہ کے لئے عذاب قبر اٹھا لیا جائے گا۔,عقائد,قیامت و آخرت,40818,,https://www.onlinefatawa.com/view_fatwa_unicode/40818/%DA%A9%DB%8C%D8%A7-%D8%B1%D9%85%D8%B6%D8%A7%D9%86-%D9%85%DB%8C%DA%BA-%D8%A7%D9%86%D8%AA%D9%82%D8%A7%D9%84-%DA%A9%D8%B1%D9%86%DB%92-%D9%88%D8%A7%D9%84%D8%A7-%D8%B4%D8%AE%D8%B5-%D8%B9%D8%B0%D8%A7%D8%A8%D9%90-%D9%82%D8%A8%D8%B1-%D8%B3%DB%92-%D9%85%D8%AD%D9%81%D9%88%D8%B8-%D8%B1%DB%81%DB%92-%DA%AF%D8%A7%D8%9F
سوال : جنت الفردوس میں اعلی مقام ہے یا نہیں؟,جی ہاں جنت الفردوس میں بھی اعمال کے اعتبار سے مختلف مراتب و مقامات ( ادنی واعلیٰ ) ہو نگے ۔,عقائد,قیامت و آخرت,47016,,https://www.onlinefatawa.com/view_fatwa_unicode/47016/%D8%AC%D9%86%D8%AA-%D9%85%DB%8C%DA%BA-%D8%A7%D8%B9%D9%85%D8%A7%D9%84-%DA%A9%DB%92-%D9%85%D8%B7%D8%A7%D8%A8%D9%82-%D8%AF%D8%B1%D8%AC%D8%A7%D8%AA-%D9%88-%D9%85%D9%82%D8%A7%D9%85%D8%A7%D8%AA-%DA%A9%D8%A7-%D8%A8%DB%8C%D8%A7%D9%86-
"السلام علیکم!مفتی صاحب مجھے ایک حدیث کے بارے میں پوچھنا ہے کیایہ درست ہےیا غلط؟ اگر تم دیکھو کالے جھنڈوں کو جو کہ خراسان کی طرف سے آرہے ہوں تو تم ان کے پاس جاؤ،کیونکہ"" مہدی""اللہ کے خلیفہ انہی میں ہونگے (حاکم نے کہا ہے : یہ حدیث بخاری اور مسلم کی شرائط کے موافق ہے۔",جی ہاں!یہ اور اس قسم کے مضمون پر مشتمل احادیث مختلف کتب حدیث میں موجود ہیں،جیسا کہ مندرجہ ذیل ہے ۔,قرآن و حدیث,تحقیق و تخریج حدیث,9523,,https://www.onlinefatawa.com/view_fatwa_unicode/9523/%D8%A7%D9%85%D8%A7%D9%85-%D9%85%DB%81%D8%AF%DB%8C-%DA%A9%DB%92-%D8%B8%DB%81%D9%88%D8%B1-%DA%A9%DB%92-%D9%85%D8%AA%D8%B9%D9%84%D9%82-%D8%A7%DB%8C%DA%A9-%D8%AD%D8%AF%DB%8C%D8%AB-%DA%A9%DB%8C-%D8%AA%D8%AD%D9%82%DB%8C%D9%82
کیا حدیث میں کسی کے منہ پر تعریف کرنے سے منع فرمایا گیا ہے؟ تو کیا کسی کے بنائے ہوئے کھانے یا اس کے کام کی تعریف اسکے سامنے کر سکتے ہیں ؟ یا نہیں ؟ آپ صلی اللہ علیہ وسلم کی کوئی ایسی حدیث ہے ؟ تو وضاحت کیساتھ بیان فرمائیں ۔,واضح ہو کہ آپ صلی اللہ علیہ وسلم نے بعض احادیث میں کسی کے منہ پر تعریف سے منع فرمایا ہے تا کہ ممدوح فخر و تکبر میں مبتلا نہ ہو مگر جہاں یہ شائبہ نہ ہو یا کسی کی دلجوئی ، ہمت افزائی مقصود ہو تو وہاں تعریف کرنے میں حرج نہیں،بلکہ خود آپ صلی اللہ علیہ وسلم سے بھی ثابت ہے اور عام گھروں میں یا کسی کی دعوت پر کھانے کی تعریف محض اس بناء پر ہوتی ہے تاکہ میزبان مطمئن  ہو جائے اور اسکی دلجوئی ہو ۔,قرآن و حدیث,تحقیق و تخریج حدیث,9554,2010-09-02,https://www.onlinefatawa.com/view_fatwa_unicode/9554/%DA%A9%DB%8C%D8%A7-%DA%A9%D8%B3%DB%8C-%DA%A9%DB%92-%D8%B3%D8%A7%D9%85%D9%86%DB%92-%D8%A7%D8%B3-%DA%A9%DB%8C-%D8%AA%D8%B9%D8%B1%DB%8C%D9%81-%DA%A9%DB%8C-%D8%AC%D8%A7-%D8%B3%DA%A9%D8%AA%DB%8C-%DB%81%DB%92-%D8%9F
ہم نے حدیث میں پڑھا ہے کہ کسی سے سوال کرنا منع ہے ، کسی قسم کا سوال کرنا منع ہے ، وضاحت کریں اگر ہم اپنے والدین سے کھانے کی یا  کسی اور چیز کی یا  کہیں جانے کی فرمائش کریں تو یہ بھی سوال میں شمار ہوگا اور اگر میں اپنے بھائی کو کوئی کام کہوں تو یہ بھی سوال میں آتا ہے ؟,حدیث شریف میں بھیک مانگنے اور غیر اللہ سے مافوق الاسباب مانگنے کی ممانعت کی گئی ہے ، جبکہ اپنے والدین سے کسی چیز کی خواہش ظاہر کرنا اس زمرے میں نہیں آتا، اس لیے اس میں شرعاً کوئی حرج نہیں،بلکہ بلا شبہ جائز اور درست ہے ۔,قرآن و حدیث,تحقیق و تخریج حدیث,9555,2010-09-02,https://www.onlinefatawa.com/view_fatwa_unicode/9555/%D8%BA%DB%8C%D8%B1-%D8%A7%D9%84%D9%84%DB%81-%D8%B3%DB%92--%DA%A9%D8%B3-%D9%82%D8%B3%D9%85-%DA%A9%D8%A7-%D8%B3%D9%88%D8%A7%D9%84-%DA%A9%D8%B1%D9%86%D8%A7-%D9%85%D9%85%D9%86%D9%88%D8%B9-%DB%81%DB%92%D8%9F
السلام علیکم! میرے موبائل پر ایک میسج آیا ہے جس کی میں تصدیق کرنا چاہتا ہوں ، ارشاد نبویﷺ ہے کہ ’’جس شخص کی نمازیں قضا ہوئی ہوں اور تعداد نامعلوم ہوں تو وہ رمضان کے آخری جمعہ کے دن چار رکعت نفل ایک سلام کے ساتھ پڑھے، ہر رکعت میں سورۃ الفاتحہ کے بعد آیت الکرسی سات بار سورۃ کوثر پندرہ بار پڑھے۔ اگر سات سو سال کی نمازیں بھی قضاء ہوئی ہونگی تو اس کے کفارے کے لیے یہ نماز ہے۔,مذکور حدیث من گھڑت اور موضوع ہے، چنانچہ ملا علی قاریؒ اپنی مشہور کتاب ’’الموضوعات‘‘ میں لکھتے ہیں: یہ روایت قطعی طور پر باطل ہے، اس لیے کہ یہ حدیث اجماع کے خلاف ہے، اجماع اس بات پر ہے کہ کوئی بھی عبادت سالہا سال کی چھوٹی ہوئی نمازوں کے قائم مقام نہیں ہو سکتی ہے۔,قرآن و حدیث,تحقیق و تخریج حدیث,9596,2020-10-26,https://www.onlinefatawa.com/view_fatwa_unicode/9596/%D9%82%D8%B6%D8%A7%D8%A1-%D8%B9%D9%85%D8%B1%DB%8C-%D8%B3%DB%92-%D9%85%D8%AA%D8%B9%D9%84%D9%82-%D8%B1%D9%88%D8%A7%DB%8C%D8%AA-%DA%A9%DB%8C-%D8%AA%D8%AD%D9%82%DB%8C%D9%82
میں یہ معلوم کرنا چاہتا ہوں کہ کیا یہ حدیث صحیح ہے ’’نبی کریمﷺ کا فرمان ہے کہ جس شخص کی نمازیں قضاء ہوئی ہوں ، اور تعداد معلوم نہ ہو  ،تو رمضان کے آخری جمعہ کے دن چار رکعت نفل ایک سلام سے پڑھے، ہر رکعت میں سورہ فاتحہ کے بعد آیت الکرسی سات بار، سورہ کوثر پندرہ بار پڑھیں، اگر سات سو سال کی نمازیں بھی قضاء ہوئی ہوگی ، تو اس کے کفارہ کے لیے یہ نماز ہے؟,جی ہاں! اس طرح کی ایک حدیث علامہ ابن جوزیؒ نے اپنے معروف کتاب ’’الموضوعات لابن جوزیؒ‘‘ میں نقل کر کے اس پر موضوع ہونے کا حکم لگایا ہے۔ پھر اس طرح دو رکعت نفل کا محض دو فرضوں کے برابر ہو جانا بھی قواعدِ شرعیہ کے اعتبار سے درست نہیں ، چہ جائیکہ بے شمار فرضوں کے لیے مکافات بن سکے، اس لیے اس طرزِ عمل کے موافق عمل کرنے یا دوسروں کو سکھانے و بتانے سے احتراز لازم ہے۔,قرآن و حدیث,تحقیق و تخریج حدیث,9635,2010-09-08,https://www.onlinefatawa.com/view_fatwa_unicode/9635/%D9%85%D8%B1%D9%88%D8%AC%DB%81-%D9%82%D8%B6%D8%A7%D8%A6%DB%92-%D8%B9%D9%85%D8%B1%DB%8C-%DA%A9%D8%A7%D8%AD%DA%A9%D9%85
السلام علیکم! عند الاحناف زیرِ ناف ہاتھ باندھنا کسی حدیث سے ثابت ہے؟,دورانِ نماز اگرچہ ناف کے اوپر نیچے دونوں جگہ ہاتھ باندھنا احادیث مبارکہ سے ثابت ہے، مگر سینہ پر ہاتھ باندھ کر کہنیاں پکڑ کر کھڑے ہونے کے بارے میں کوئی صحیح صریح مرفوع غیر مقطوع حدیث نہیں، البتہ عند الاحناف مندرجہ ذیل احادیث کی وجہ سے زیرِ ناف ہاتھ باندھنا زیادہ راجح ہے۔,قرآن و حدیث,تحقیق و تخریج حدیث,10190,2010-11-13,https://www.onlinefatawa.com/view_fatwa_unicode/10190/%D9%86%D9%85%D8%A7%D8%B2%D9%85%DB%8C%DA%BA--%D9%86%D8%A7%D9%81-%DA%A9%DB%92-%D9%86%DB%8C%DA%86%DB%92--%DB%81%D8%A7%D8%AA%DA%BE-%D8%A8%D8%A7%D9%86%D8%AF%DA%BE%D9%86%DB%92-%DA%A9%D8%A7%D8%AD%D8%AF%DB%8C%D8%AB-%D8%B3%DB%92-%D8%AB%D8%A8%D9%88%D8%AA
مفتی صاحب! ایک بات کی تحقیق مطلوب ہے، حضرت علی رضی اللہ عنہ کے بارے میں ایک روایت بیان کی جاتی ہے کہ ایک بار ان کی عصر کی نماز مؤخر ہو گئی تھی، تو یہ پریشان ہو کر نبی کریمﷺ کی خدمت میں آئے تو نبیﷺ نے ان سے پوچھا تھا کہ اے علی! تم نے قضاء پڑھنی ہے یا ادا؟ تو حضرت علیؓ نے عرض کیا کہ ادا پڑھنی ہے‘‘۔ پھر مجھے معلوم نہیں کہ نبیﷺ نے خود سورج کو اشارہ کیا تھا یا حضرت علی ؓ نے ، تو سورج شام سے ہٹ کر عصر کے قریب آ گیا تھا، تو حضرت اس بارے میں آپ تحقیق سے بتائیں آپ کی مہربانی ہوگی۔,سوال میں مذکور الفاظ کے ساتھ تو اس کا کہیں ذکر نہیں، البتہ روح المعانی میں حضرت اسماء بنتِ عمیس رضی اللہ عنہا کی روایت کا ایک واقعہ مذکور ہے کہ ’’ایک بار آپﷺ پر وحی کا نزول ہو رہا تھا ، اور سر مبارک حضرت علی رضی اللہ عنہ سے پوچھا کہ آپ نے نمازپڑھ لی ہے؟ تو انہوں نے کہا نہیں، چنانچہ آپﷺ نے اللہ سے دعا کی کہ یا اللہ یہ آپ کی اور آپ کے رسول کی اطاعت میں مصروف تھا، لہٰذا اس کے لیے سورج کو واپس لوٹا دیں۔ تو اللہ تعالیٰ نے دعا کو قبول فرما کر سورج کو لوٹایا‘‘۔ حضرت اسماء رضی اللہ عنہا فرماتی ہیں کہ ، میں نے خود سورج غروب ہونے کے بعد طلوع ہوتے دیکھا ، اور اس کی روشنی زمین پر پڑی ، اور فرماتی ہیں کہ یہ خیبر میں مقام صہباء کا واقعہ ہے، مگر صاحبِ روح المعانی فرماتے ہیں کہ اس واقعہ کی صحت میں اختلاف ہے۔ روح المعانی اصل عبارت ملاحظہ ہو: اگر یہ واقعۃً بھی درست ہو تو یہ آپﷺ کا معجزہ ہے اور اس میں کسی کا اختلاف نہیں۔ واللہ أعلم بالصواب!,قرآن و حدیث,تحقیق و تخریج حدیث,9736,2010-09-16,https://www.onlinefatawa.com/view_fatwa_unicode/9736/%D8%AD%D8%B6%D8%B1%D8%AA-%D8%B9%D9%84%DB%8C-%D8%B1%D8%B6%DB%8C-%D8%A7%D9%84%D9%84%DB%81-%D8%B9%D9%86%DB%81-%DA%A9%DB%8C-%D8%B7%D8%B1%D9%81-%D9%85%D9%86%D8%B3%D9%88%D8%A8-%D9%88%D8%A7%D9%82%D8%B9%DB%81-%DA%A9%DB%8C-%D8%AA%D8%AD%D9%82%DB%8C%D9%82
السلام علیکم ورحمۃ اللہ وبرکاتہ! حدیث اور حدیثِ قدسی کے درمیان کیا فرق ہے؟,واضح ہوکہ جمہور محدثین کی اصطلاح میں ’’حدیث‘‘ اس کلام کو کہا جاتاہے، جو آپﷺ کے قول وفعل اور تقریر کی طرف منسوب ہو۔ جبکہ ’’حدیث قدسی‘‘ اس کلام کو کہا جاتاہے جو آپﷺ نے اللہ تعالیٰ کی طرف نسبت کرتے ہوئے بیان کی ہو۔,قرآن و حدیث,تحقیق و تخریج حدیث,10209,2020-10-26,https://www.onlinefatawa.com/view_fatwa_unicode/10209/%D9%85%D8%B7%D9%84%D9%82-%D8%AD%D8%AF%DB%8C%D8%AB-%D8%A7%D9%88%D8%B1-%D8%AD%D8%AF%DB%8C%D8%AB-%D9%82%D8%AF%D8%B3%DB%8C-%D9%85%DB%8C%DA%BA-%D9%81%D8%B1%D9%82
السلام علیکم! ایک حدیث ہے براہِ مہربانی تصحیح فرمائیں میرا ایک دوست بضد ہے کہ یہ حدیث صحیح ہے، لیکن میرے خیال میں تضاد ہے براہِ مہربانی راہنمائی فرمائیں۔ حضرت آمنہ فرماتی ہیں: جب حضور اکرمﷺ کی ولادت ہوئی تو میں نے دیکھاکہ ایک جھنڈا مشرق میں ایک مغرب میں اور ایک کعبہ کی چھت پر لہرا رہا تھا۔ (خصائص الکبریٰ ج ۱ ص۸۲) جزاک اللہ!,یہ حدیث خصائصِ کبریٰ میں حضرت ابن عباسؓ سے موقوفاً مروی ہے، اس کی سند مذکور نہیں، اگر یہ کمزور بھی ہو تب بھی فضائل میں مقبول ہے، اس لیے اس کو موضوع بحث بنانے سے احتراز چاہیے۔,قرآن و حدیث,تحقیق و تخریج حدیث,10846,2020-10-26,https://www.onlinefatawa.com/view_fatwa_unicode/10846/%D8%A7%D9%93%D9%BE-%DA%A9%DB%8C-%D9%BE%DB%8C%D8%AF%D8%A7%D8%A6%D8%B4-%D9%BE%D8%B1-%D9%85%D8%B4%D8%B1%D9%82-%D9%88%D9%85%D8%BA%D8%B1%D8%A8-%D8%A7%D9%88%D8%B1-%DA%A9%D8%B9%D8%A8%DB%81-%D9%BE%D8%B1-%DA%86%DA%BE%D9%86%DA%88%D8%A7-%D9%84%DB%81%D8%B1%D8%A7%D9%86%DB%92-%D9%88%D8%A7%D9%84%DB%8C-%D8%AD%D8%AF%DB%8C%D8%AB-%DA%A9%DB%8C-%D8%AA%D8%AD%D9%82%DB%8C%D9%82
میں یہ جاننا چاہتاہوں کہ درج ذیل میسج مجھے موبائل پہ موصول ہوا اور انٹرنیٹ پر بھی یہ لوگوں نے ایک دوسرے کو بھیجا، آیا یہ صحیح ہے یا نہیں؟ حضرت محمدﷺ نے فرمایا میں علم کا شہر ہوں: (۱) ابوبکرؓ اس شہر کی بنیاد ہیں (۲) عمرؓ اس شہر کی دیوار ہیں (۳) عثمانؓ اس شہر کی چھت ہیں (۴) علیؓ اس شہر کا دروازہ ہیں۔(صحیح البخاری، نزہۃ المجالس جلد:۲ صفحہ: ۲۱۴)۔ یہ مکمل حدیث ہے کچھ لوگ اس کا آخری حصہ بیان کرتے ہیں، براہِ مہربانی یہ حدیث سب کو بتائیں۔,سوال میں مذکور حدیث بخاری شریف میں نہیں اور نہ ہی بخاری میں یہ حدیث ہے کہ میں علم کا شہر ہوں اور حضرت علیؓ اس کا دروازہ ہیں، البتہ دیگر کتبِ حدیث میں اس قسم کے الفاظ ومضمون موجود ہیں، مگر محدّثین نے ان دونوں پر کلام فرمایا اور الفاظ کو رکیک قرار دینے کے علاوہ نفس حدیث کو بھی سنداً ضعیف، بلکہ بعض نے موضوع قرار دیا ہے، اگرچہ میسج والی پوری حدیث بیان کرنا مذکور ناقص جملہ بیان کرنے سے زیادہ بہتر ہے۔,قرآن و حدیث,تحقیق و تخریج حدیث,10432,2020-10-26,https://www.onlinefatawa.com/view_fatwa_unicode/10432/%E2%80%99%E2%80%99%D9%85%DB%8C%DA%BA-%D8%B9%D9%84%D9%85-%DA%A9%D8%A7-%D8%B4%DB%81%D8%B1-%DB%81%D9%88%DA%BA%D8%8C-%D8%A7%D8%A8%D9%88%D8%A8%DA%A9%D8%B1-%D8%A7%D8%B3-%DA%A9%DB%8C-%D8%A8%D9%86%DB%8C%D8%A7%D8%AF-%DB%81%DB%8C%DA%BA-%D8%A7%D9%84%D8%AE%E2%80%98%E2%80%98-%D8%AD%D8%AF%DB%8C%D8%AB-%DA%A9%DB%8C-%D8%AA%D8%AD%D9%82%DB%8C%D9%82
السلام علیکم! مفتی صاحب! میں نے سنا ہے کہ ہر بچے کے ساتھ کم وبیش پچیس شیطان اور بالغ مرد، عورت کے ساتھ کم وبیش اٹھارہ شیطان ہوتے ہیں، کیا یہ بات ٹھیک ہے؟ حضرت محمدﷺ نے بتایا کہ میرے ساتھ بھی بائیس شیطان ہیں اور میں نے انہیں باندھ کے مسلمان کر رکھاہے، کیا یہ بات درست ہے یا نہیں؟,درج ذیل روایتِ حدیث سے صرف اتنی بات معلوم ہوتی ہے کہ ہر انسان کے ساتھ ایک شیطان ہوتاہے اور سرکارِ دو عالمﷺ نے فرمایا میرے ساتھ بھی ایک شیطان تھا، لیکن اللہ تعالیٰ نے مجھے اس پر قدرت دی وہ مسلمان ہوگیا، جبکہ سوال میں مذکور ۱۸، ۲۲، ۲۵ شیطان والی روایت بظاہر من گھڑت معلوم ہوتی ہے۔,قرآن و حدیث,تحقیق و تخریج حدیث,11475,2020-10-26,https://www.onlinefatawa.com/view_fatwa_unicode/11475/%E2%80%99%E2%80%99%D8%A7%D9%86%D8%B3%D8%A7%D9%86-%DA%A9%DB%92-%D8%B3%D8%A7%D8%AA%DA%BE-%D8%B4%DB%8C%D8%B7%D8%A7%D9%86-%DA%A9%DB%8C-%D8%AA%D8%B9%D8%AF%D8%A7%D8%AF-%D8%B3%DB%92%D9%85%D8%AA%D8%B9%D9%84%D9%82-%D8%B1%D9%88%D8%A7%DB%8C%D8%AA-%DA%A9%DB%8C-%D8%AA%D8%AD%D9%82%DB%8C%D9%82
السلام علیکم ! میں آپ سے دو سوال پوچھنا چاہتا ہوں۔ 1.	کیا ہم فیس بک استعمال کر سکتے ہیں؟ یا حرام ہیں؟ 2.	ایک حدیث کا مفہوم ہے ’’اللہ بندے کے ساتھ ویسا ہوتا ہے جیسے وہ گمان کرتا ہے اس حدیث کا مطلب کیا ہے؟ یہ معافی اور توبہ کے ساتھ خاص ہے یا زندگی کے تمام معاملات کے لیے ہیں۔,"۱۔ اگرچہ فی نفسہ اس کا جائز استعمال شرعاً بھی جائز ہے، مگر غیرتِ ایمانی کا تقاضا یہ ہےکہ ایسی ویب سائٹ کے استعمال کرنے سے احتراز  کیا جائے۔ ۲۔ اس حدیث مبارکہ کا مطلب یہ ہے کہ ربِّ کریم بندے کے ساتھ ہر قسم کی اچھائی اور برائی میں ویسا ہی معاملہ کرتے ہیں جیسا وہ اللہ تعالیٰ کی ذاتِ عالی سے گمان اور اُمید رکھتا ہے۔ پس جب بندے کا یقین اللہ تعالیٰ پر کامل ہو جاتا ہے۔ اور وہ متوکّل ہو جاتا ہے تو اللہ تعالیٰ بھی اسے اپنے قریب کر لیتے ہیں۔ اور اس کی دعاؤں کو شرفِ قبولیت عطا فرما دیتے ہیں وغیرہ ۔ جیسا کہ شرّاحِ حدیث نے اس کی مکمل وضاحت بھی بیان کی ہے۔ ملاحظہ ہو: ففی مرقاة المفاتيح: والظن في الحديث يجوز إجراؤه على ظاهره، ويكون المعنى أنا أعامله على حسب ظنه بي، وأفعل به ما يتوقعه مني من ضر أو شر، والمراد الحث على تغليب الرجاء على الخوف وحسن الظن بالله، كقوله - عليه الصلاة والسلام -: "" «لا يموتن أحدكم إلا وهو يحسن الظن بالله» "" ويجوز أن يراد بالظن اليقين، والمعنى، أنا عند يقينه بي، وعلمه بأن مصيره إلي وحسابه علي، وأن ما قضيت به له أو عليه من خير أو شر لا مرد له، ولا معطي لما منعت، ولا مانع لما أعطيت. أي: إذا رسخ العبد في مقام التوحيد، وتمكن في الإيمان والوثوق بالله قرب منه ورفع له الحجاب بحيث إذا دعاه أجاب، وإذا سأله استجاب.(4/ 1542) والله أعلم بالصواب!",قرآن و حدیث,تحقیق و تخریج حدیث,12078,2020-10-26,https://www.onlinefatawa.com/view_fatwa_unicode/12078/%D9%81%DB%8C%D8%B3-%D8%A7%D8%B3%D8%AA%D8%B9%D9%85%D8%A7%D9%84-%DA%A9%D8%B1%D9%86%D8%A7-%D8%A7%D9%88%D8%B1-%E2%80%99%E2%80%99%D8%A7%D9%84%D9%84%DB%81-%D8%A8%D9%86%D8%AF%DB%92-%DA%A9%DB%92-%D8%B3%D8%A7%D8%AA%DA%BE-%D8%A7%D8%B3-%DA%A9%DB%92-%DA%AF%D9%85%D8%A7%D9%86-%DA%A9%DB%92-%D9%85%D8%B7%D8%A7%D8%A8%D9%82-%D9%85%D8%B9%D8%A7%D9%85%D9%84%DB%81-%DA%A9%D8%B1%D8%AA%D8%A7-%DB%81%DB%92%E2%80%98%E2%80%98-%D8%B1%D9%88%D8%A7%DB%8C%D8%AA-%DA%A9%D8%A7-%D9%85%D8%B7%D9%84%D8%A8
السلام علیکم! مفتی صاحب! میں ایک سوشل نیٹ ورکنگ سائٹ استعمال کر رہاہوں، جس کا نام فیس بُک ہے، یہاں ایک آدمی ہے جس کا نام عبداللہ ہے، بخاری شریف سے ایک حدیث نقل کرتاہے، وہ کہتاہے کہ امام بخاری نے روایت کی ہے کہ محمدﷺ نے فرمایا کہ میرے اصحاب کو آگ کے پاس لےجایا جائے گا، میں نے پوچھا کہ میرے اصحاب کیوں آگ کے پاس لےجائے جائیں گے؟ جواب آتا کہ وہ آپ کے بعد مرتد ہوگئے، اے محمد! آپ اس بارے میں نہیں جانتے، حوالہ (کتاب التفسیر آیت نمبر: ۲۱، ۱۰۴ کی تفسیر کے تحت) مہربانی کرکے اس کی تصدیق کریں کہ یہ سچ ہے یا نہیں؟,اوّلاً: اس حدیث میں اصحاب سے مراد حضرات صحابہ کرامؓ کی مخصوص جماعت نہیں، بلکہ امت کے لوگ مراد ہے، جیساکہ الفاظِ حدیث سے واضح ہے ’’سیجاء برجال من أمتی‘‘ کہ میری امت کےبعض افراد کو لایا جائے گا اور بالفرض صحابہ ہی مراد لیے جائیں تو ارتداد کا وہ معنیٰ نہیں جو عام طور پر دین سے پھر جانے والوں کیلیے استعمال ہوتاہے، بلکہ لغوی معنی کے اعتبار سے اس لفظ کا استعمال ہواہے، جس سے بعض عملی احکام میں کوتاہی مراد ہے۔ ثانیاً: یہ بھی تمام اصحاب سے متعلق نہیں، بلکہ بعض افراد سے متعلق ہے، اور اس حدیث کا منشا دیگر افرادِ امت کو متنبہ کرناہے کہ حقوق واجبہ کی ادائیگی میں کوتاہی نہ کریں۔,قرآن و حدیث,تحقیق و تخریج حدیث,11631,2020-10-26,https://www.onlinefatawa.com/view_fatwa_unicode/11631/%E2%80%99%E2%80%99%D9%85%DB%8C%D8%B1%DB%92-%D8%A7%D8%B5%D8%AD%D8%A7%D8%A8-%DA%A9%D9%88-%D8%A7%D9%93%DA%AF-%D9%85%DB%8C%DA%BA-%D9%84%DB%92-%D8%AC%D8%A7%DB%8C%D8%A7-%D8%AC%D8%A7%D8%A6%DB%92%DA%AF%D8%A7%E2%80%98%E2%80%98%DB%94%DB%94-%D8%A7%D9%84%D8%AE-%D8%B1%D9%88%D8%A7%DB%8C%D8%AA-%DA%A9%DB%8C-%D8%AA%D8%AD%D9%82%DB%8C%D9%82
نماز میں قدم کو ایک بالشت کے برابر رکھنے کے بارے میں حدیث ،حوالے کے ساتھ مسئلہ بتائیں۔,قدم کو ایک بالشت رکھنے کے بارے میں کوئی حدیث ہماری نظر سے نہیں گزری، اس سلسلہ میں دوسرے اہل علم سے رجوع کیا جا سکتا ہے۔,قرآن و حدیث,تحقیق و تخریج حدیث,12421,2011-06-12,https://www.onlinefatawa.com/view_fatwa_unicode/12421/%D9%86%D9%85%D8%A7%D8%B2-%D9%85%DB%8C%DA%BA-%D9%82%D8%AF%D9%85-%DA%A9%D9%88-%D8%A7%DB%8C%DA%A9-%D8%A8%D8%A7%D9%84%D8%B4%D8%AA-%DA%A9%DB%92-%D8%A8%D8%B1%D8%A7%D8%A8%D8%B1-%D8%B1%DA%A9%DA%BE%D9%86%DB%92-%DA%A9%DB%92-%D8%A8%D8%A7%D8%B1%DB%92-%D9%85%DB%8C%DA%BA-%D8%AD%D8%AF%DB%8C%D8%AB
’’علم حاصل کرو چاہے چین جانا پڑے‘‘، اس حدیث کا کیا ثبوت ہے؟ مجھے اس حدیث کا حوالہ چاہیے اگر یہ ٹھیک ہے اور اس حدیث میں چین سے کیا مراد ہے؟ براہِ کرم میرے علم میں اضافہ کردیں، مجھے اس حدیث کے صحیح یا غلط ہونے کی شہادت دیں۔,یہ جملہ حدیثِ پاک کا حصہ ہے، اگرچہ اس کی سند میں محدثین نے کلام کیا ہے اور اس میں لفظ چین بُعدِ مسافت سے کنایہ ہے، مطلب یہ ہوا کہ علومِ دینیہ کی تحصیل میں خواہ کتنی ہی دُور کی مسافت طے کرنی پڑ جائے اور کتنی ہی مشقت اُٹھانی پڑ جائے، وہ برداشت کرلی جائے اور علومِ دینیہ کی تحصیل میں سستی و کوتاہی نہ کی جائے۔,قرآن و حدیث,تحقیق و تخریج حدیث,13344,2020-10-26,https://www.onlinefatawa.com/view_fatwa_unicode/13344/%E2%80%99%E2%80%99%D8%B9%D9%84%D9%85-%D8%AD%D8%A7%D8%B5%D9%84-%DA%A9%D8%B1%D9%88-%DA%86%D8%A7%DB%81%DB%92-%DA%86%DB%8C%D9%86-%D8%AC%D8%A7%D9%86%D8%A7-%D9%BE%DA%91%DB%92%E2%80%98%E2%80%98-%D8%AD%D8%AF%DB%8C%D8%AB-%DA%A9%DB%8C-%D8%AA%D8%AD%D9%82%DB%8C%D9%82-%D9%88-%D9%85%D8%B1%D8%A7%D8%AF
میں اپنےدوست کو بتارہا تھا وہ مجھ سے حوالہ مانگ رہا ہے کہ کون سی حدیث کی کتاب میں کہاں لکھا ہے، حوالہ بتادیجیے نوازش ہوگی: (۱) حضور ﷺ نے حضرت خدیجہؓ سے کہا کہ اپنی سوکنوں (بی بی مریم اور بی بی آسیہ) کو میرا سلام کہنا۔ (۲) حضرت حسینؓ کے شادیاں سات (۷۰۰) سو ہیں، کہاں لکھا ہے؟,(۱) سوال کے اندر مذکور مضمون سے متعلق حدیث کو حافظ ابن کثیرؒ نے اپنی ’’کتاب البدایۃ والنہایۃ‘‘ میں ابن عساکر کی سند سے اس طرح نقل کیا ہے: عن ابن عباس أن رسول الله صلى الله عليه و سلم دخل على خديجة وهي في مرض الموت فقال يا خديجة اذا لقيت ضرائرك فاقرئهن مني السلام قالت يا رسول الله وهل تزوجت قبلي قال لا ولكن الله زوجني مريم بنت عمران وآسية بنت مزاحم وكلثم أخت موسى اه(2/ 62) (2) حضرت حسین رضی اللہ عنہ سے متعلق تو اس قسم کی کوئی روایت نہیں، البتہ حضرت حسن رضی اللہ عنہ نے کئی نکاح فرمائے، اس سلسلہ میں متعدد روایات ملتی ہیں۔,قرآن و حدیث,تحقیق و تخریج حدیث,13135,2020-10-26,https://www.onlinefatawa.com/view_fatwa_unicode/13135/-%D8%AD%D8%B6%D9%88%D8%B1%D8%90-%D8%B3%DB%92-%D8%AD%D8%B6%D8%B1%D8%AA-%D8%AE%D8%AF%DB%8C%D8%AC%DB%81%D8%93-%DA%A9%D9%88-%E2%80%99%E2%80%99%D8%A7%D9%BE%D9%86%DB%8C-%D8%B3%D9%88%DA%A9%D9%86%D9%88%DA%BA-%DA%A9%D9%88-%D9%85%DB%8C%D8%B1%D8%A7-%D8%B3%D9%84%D8%A7%D9%85-%DA%A9%DB%81%D9%86%D8%A7%E2%80%98%E2%80%98-%D8%AB%D8%A7%D8%A8%D8%AA-%DB%8C%D8%A7-%D9%86%DB%81%DB%8C%DA%BA%D8%9F
کیا فرماتے ہیں علماء ِکرام و مفتیان ِعظام اس حدیث کے بارے میں کہ ’’حضورﷺ کے پاس ایک صحابی  آئے اور کہنے لگے یارسول اللہﷺ میرا باپ مجھ سے پوچھتا تک نہیں اور میرا مال خرچ کر لیتا ہے، آپ ﷺ نے فرمایا، اچھابلاؤ! اس کے باپ کو پتہ چلا کہ میرے بیٹے نے بارگاہِ نبوت میں میری شکایت کی ہے تو انہوں نے دکھ اور رنج کے کچھ اشعار  دل میں پڑھے، زبان سے  ادا نہیں کیے، جب حضورﷺ کے پاس پہنچے تو ادھر جبرائیلِ امین آگئے، کہنے لگے یا رسول اللہ! اللہ فرما رہے ہیں کہ اس سے فرمائیں پہلے وہ اشعار سنائے جو تمہاری زبان پر نہیں آئے، بلکہ تمہارے دل نے پڑھے ہیں اور اللہ نے عرش پر ہوتے ہوئے بھی ان کو سن لیا ہے۔ حضورﷺ کی فرمائش پر وہ صحابی کہنے لگے یا رسول اللہ! قربان جاؤں آپ کے رب پر وہ کیسا رب ہے، میرے  اندر تو ایک خیال آیا تھا اللہ نے وہ بھی سن لیا فرمایا:  اچھا پہلے وہ اشعار سناؤ پھر تمہارے مقدمہ کا فیصلہ کریں گے۔ یہ اشعار عربی میں ہیں ان کا اردو ترجمہ کچھ یوں ہے : ترجمہ: میں نے تجھے بچپن میں غذادی اور جو ان ہونے کے بعد بھی تمہاری ذمہ داری اٹھائی تمہارا سب کھانا پینا میری ہی کمائی سےتھا۔ جب کسی رات میں تمہیں کوئی بیماری پیش آگئی تو میں نے تمام رات تمہاری بیماری کے سبب بیداری اور بے قراری میں گذاری۔ گویا کہ تمہاری بیماری مجھے ہی لگی ہے تمہیں نہیں، جس کی وجہ سے میں تمام شب روتا رہا۔ میرا دل تمہاری ہلاکت سے ڈرتا رہا، حلانکہ میں جانتا تھا کہ موت کا دن  مقرر ہے پہلے پیچھے نہیں ہو سکتی۔ پھر جب تم اس عمر اور اس حد تک پہنچ گئے جس کی میں تمنا کیا کرتا تھا۔ تو تم نے میرا بدلہ سختی اور سخت کلامی بنا دیا گویا کہ تم ہی مجھ پر احسان و انعام کر رہے ہو۔ کاش کہ تم سے میرے باپ ہونے کا حق ادا  نہیں ہو سکتاتو کم از کم ایسا ہی کر لیتے، جیسا ایک شریف پڑوسی کیا کرتا ہے۔ تو کم از کم مجھے پڑوسی کا حق حکم تو دیا ہوتااور خود میرے ہی مال میں میرے حق میں بخل سے کام نہ ہوتا۔ رسول اللہﷺ نے یہ اشعار سننے کے بعد بیٹے کا گریبان پکڑ لیا اور فرمایا’’أنت ومالك لأبيك‘‘ یعنی جا تو بھی اور تیرا مال بھی سب باپ کا ہے۔(ترجمہ ماخوذ از معارف القرآن),"مذکور حدیث ملاّ علی قاریؒ نے مرقاۃ المفاتیح میں طبرانی اور بیہقی کے حوالہ سے نقل فرمائی ہے جس کی عربی عبارت درج ذیل ہے: ففی مرقاة المفاتيح: "" وأخرج الطبراني في الأصغر، والبيهقي في دلائل النبوة، وعن جابر: «جاء رجل إليه - صلى الله عليه وسلم - فقال: يا رسول الله إن أبي يريد أن يأخذ مالي، فقال - عليه الصلاة والسلام -: "" ادعه لي ""، فلما جاء قال - عليه الصلاة والسلام - "" إن ابنك يزعم أنك تأخذ ماله "" فقال "" سله هل لعمته وقراباته أو لما أنفقه على نفسي وعيالي؟ قال: فهبط جبريل - عليه الصلاة والسلام - قال: يا رسول الله إن الشيخ قال في نفسه شعرا لم تسمعه أذناه ; فقال - عليه الصلاة والسلام: (قلت في نفسك شعرا لم تسمعه أذناك ; فهاته "" فقال: لا نزال يزيدنا الله بك بصيرة ويقينا ثم أنشأ يقول: غذوتك مولودا ومنتك يافعا ... تعل بما أجني عليك وتنهل إذا ليلة ضاقتك بالسقم لم أبت ... لسقمك إلا سامرا أتململ تخاف الورى نفسي عليك وإنها ... لتعلم أن الموت حتم موكل كأني أنا المطروق دونك بالذي ... طرقت به دوني فعيناك تهمل كأني أنا المطروق دونك بالذي ... إليك مراما فيك قد كنت آمل جعلت جزائي غلظة وفظاظة ... كأنك أنت المنعم المتفضل فليتك إذ لم ترع حق أبوتي ... فعلت كما جار المجاور يفعل قال: فبكى - عليه الصلاة والسلام - ثم أخذ بتلابيب ابنه وقال: "" اذهب أنت ومالك لأبيك» ""(5/ 1898) والله أعلم بالصواب!",قرآن و حدیث,تحقیق و تخریج حدیث,13980,2020-10-26,https://www.onlinefatawa.com/view_fatwa_unicode/13980/%E2%80%99%E2%80%99%D8%A7%D9%86%D8%AA-%D9%88%D9%85%D8%A7%D9%84%DA%A9-%D9%84%D8%A3%D8%A8%DB%8C%DA%A9%E2%80%98%E2%80%98-%D8%B3%DB%92-%D9%85%D8%AA%D8%B9%D9%84%D9%82-%D8%B1%D9%88%D8%A7%DB%8C%D8%AA-%DA%A9%DB%8C-%D8%AA%D8%AD%D9%82%DB%8C%D9%82
السلام علیکم ! کیا کسی حدیث میں ہے کہ جو آدمی تین جمعوں تک نماز نہ پڑھے تو وہ کافر ہوجاتا ہے؟,"کفر کی صراحت کے ساتھ کوئی حدیث تو ہماری نظر سے نہیں گزری، البتہ ایک حدیث میں ہے کہ جو شخص تین جمعہ کی نماز""تہاوناً""چھوڑ دے تو اللہ پاک اس کے دل پر مہر لگا دیتے ہیں، اس میں""تہاوناً"" سے مراد سستی، کاہلی اور بے  پرواہی بھی ہوسکتی ہے، اور تحقیر واہانت بھی اور دوسرے معنی کے لحاظ سے اگر کوئی جمعہ نہ پڑھے تو ایسا شخص بلاشبہ کافر ہے۔",قرآن و حدیث,تحقیق و تخریج حدیث,14739,,https://www.onlinefatawa.com/view_fatwa_unicode/14739/%DA%A9%DB%8C%D8%A7%D8%AA%DB%8C%D9%86-%D8%AC%D9%85%D8%B9%DB%92-%DA%86%DA%BE%D9%88%DA%91%D9%86%DB%92-%D9%88%D8%A7%D9%84%D8%A7-%D8%B4%D8%AE%D8%B5-%DA%A9%D8%A7%D9%81%D8%B1-%DB%81%D9%88%D8%AC%D8%A7%D8%AA%D8%A7-%DB%81%DB%92-%D8%9F
میں نے اپنے بڑوں سے ہمیشہ یہ بات سنی ہے کہ اگر عورت کا سر ڈھکا ہوا نہ ہو تو فرشتے اس جگہ سے دور چلے جاتے ہیں اور شیطان اس عورت کے سر پر پیشاب کرتا ہے، میں صرف یہ تحقیق کرنا چاہتی ہوں، اگر یہ حقیقت ہے تو میں آگے دوسرے لوگوں کو بیان کروں۔,مذکور سلسلہ میں اگرچہ کوئی حدیث نہیں ملی، مگر پھر بھی خواتین کو سر ڈھانکنے کا اہتمام چاہیے۔,قرآن و حدیث,تحقیق و تخریج حدیث,15583,,https://www.onlinefatawa.com/view_fatwa_unicode/15583/%DA%A9%DB%8C%D8%A7-%D8%B9%D9%88%D8%B1%D8%AA-%DA%A9%D8%A7-%D8%B3%D8%B1-%D8%A7%DA%AF%D8%B1-%D9%86%D9%86%DA%AF%D8%A7-%DB%81%D9%88-%D8%AA%D9%88-%D8%B4%DB%8C%D8%B7%D8%A7%D9%86-%D8%A7%D8%B3-%DA%A9%DB%92-%D8%B3%D8%B1--%D9%BE%D8%B1-%D9%BE%DB%8C%D8%B4%D8%A7%D8%A8-%DA%A9%D8%B1%D8%AA%D8%A7-%DB%81%DB%92%D8%9F
مولانا طارق جمیل اپنے بیانات میں اکثر ترمذی کی ایک حدیث بیان کرتے ہیں کہ حضرت ابو ہریرہ نے آپﷺ سے پوچھا آپ کو نبوت کب ملی؟ تو آپ نے فرمایا:  کہ ابھی تو زمین و آسمان بھی نہیں تھے  میں تو جب بھی نبی تھا (اللہ کمی بیشی معاف کرے ۔آمین)اور یہ کہ اللہ پاک نے زمین آسمان بننے سے ایک ہزار سال پہلے سورۃ یٰسین کی تلاوت کی تو یہ بھی اس بات کا ثبوت ہے کہ اس وقت بھی آپ ﷺ تھے، اس لیے اللہ نے یٰسین کی تلاوت فرمائی ،وضاحت فرمائیں ۔,سوال میں ترمذی شریف کی جس روایت کا حوالہ دیا گیا ہے، اس سے صر ف اتنی بات معلوم ہو تی ہے کہ حضرت آدم ؑ کی پیدائش کے وقت، بلکہ اس سے قبل آپ ﷺ کی نبوت کا فیصلہ ہو چکا تھا اور علم الٰہی میں آپ نبی تھے، اس سے یہ لازم نہیں آتا کہ آپ ﷺ اس وقت بذات خود بھی موجود تھے ۔,قرآن و حدیث,تحقیق و تخریج حدیث,15730,2020-10-26,https://www.onlinefatawa.com/view_fatwa_unicode/15730/%D8%AD%D8%B6%D9%88%D8%B1-%D8%B9%D9%84%DB%8C%DB%81-%D8%A7%D9%84%D8%B3%D9%84%D8%A7%D9%85-%DA%A9%DB%8C-%D9%86%D8%A8%D9%88%D8%AA-%D8%B3%DB%92-%D9%85%D8%AA%D8%B9%D9%84%D9%82-%D8%A7%DB%8C%DA%A9-%D8%AD%D8%AF%DB%8C%D8%AB-%DA%A9%D8%A7-%D9%85%D8%B7%D9%84%D8%A8
میں نے اکثر علماءکرام سے نبی کریم ﷺکی ایک حدیث سنی ہے جس میں آپﷺ نے ارشاد فرمایا'میں علم کا گھر ، ابوبکرؓ اس کی بنیاد ،عمر فاروقؓ ا س کی دیوار، عثمان غنیؓ اس کی چھت اور علی المرتضیؓ اس کا دروازہ ہیں۔ الفاظ کچھ آگے پیچھے ہو سکتے ہیں، اللہ تبارک  تعالیٰ معاف فرمائے ،لیکن اس کا مفہوم یہی ہے جو بیان کیا ہے ۔حضرت یہ حدیث شریف صحیح ہے ؟اور کس کتاب میں ہے؟,صورتِ مسئولہ میں مذکور حدیث اگر چہ کتب حدیث مثلاً: مرقات  المفاتیح وغیرہ میں موجود ہے، مگر اس کے بارے میں علماء ِکرام نے کلام کیا ہے اور اس کو ضعیف قرار دیا ہے ۔,قرآن و حدیث,تحقیق و تخریج حدیث,15647,0000-00-00,https://www.onlinefatawa.com/view_fatwa_unicode/15647/%D9%85%D8%B4%DB%81%D9%88%D8%B1-%D8%AD%D8%AF%DB%8C%D8%AB-%D9%85%DB%8C%DA%BA-%D8%B9%D9%84%D9%85-%DA%A9%D8%A7-%DA%AF%DA%BE%D8%B1-%DB%81%D9%88%D8%8C-%D8%A7%D8%A8%D9%88%D8%A8%DA%A9%D8%B1%D8%93-%D8%A7%D8%B3-%DA%A9%DB%8C-%D8%A8%D9%86%DB%8C%D8%A7%D8%AF%DB%94%DB%94%DB%94%DB%94%D8%A7%D9%84%D8%AE-%DA%A9%DB%8C-%D8%AA%D8%AD%D9%82%DB%8C%D9%82:
کچھ لوگ سلام کچھ اس طرح کہتے ہیں ۔''السلام علیکم '' ورحمۃ اللہ وبرکاتہ ومغفرتہ وجنت الحلال و دوزخ الحرام '' کیا یہ کسی حدیث سے ثابت ہے ؟  ایک کتاب میں ایک حدیث کا ذکر ہے ،جس میں سلام کے الفاظ ''مغفرتہ ''تک آئے  ہیں اور نیچے ابوداؤد اور مشکوۃ کا حوالہ ہے مزید یہ کہ اس حدیث مبارکہ کا حوالہ نمبر دے دیں ۔جس میں سلام کے الفاظ ومغفرتہ تک آئے ہیں ۔,سلام کے کلمات تو محض ''السلام علیکم ورحمۃاللہ وبرکا تہ ''ہی معروف اور مسنون ہیں ۔البتہ بعض احادیث میں ''ومغفرتہ '' تک کے الفاظ کا ثبوت ملتا ہے ۔جبکہ اس سے زائد اضافہ خلاف سنت ہے ۔اس لیے اس سے احتراز لازم ہے ۔جبکہ ابوداؤد کی مذکور حدیث کے الفاظ یہ ہیں ۔ کما فی سنن أبي داود: عن سهل بن معاذ بن أنس، عن أبيه عن النبي صلى الله عليه وسلم بمعناه، زاد: ثم أتى آخر فقال: السلام عليكم ورحمة الله وبركاته ومغفرته، فقال: «أربعون» و قال ھکذا تکون الفضائل۔(4/ 350),قرآن و حدیث,تحقیق و تخریج حدیث,18100,2020-10-26,https://www.onlinefatawa.com/view_fatwa_unicode/18100/%D8%B3%D9%84%D8%A7%D9%85-%DA%A9%DB%92-%D8%A7%D9%84%D9%81%D8%A7%D8%B8-%DA%A9%DB%81%D8%A7%DA%BA-%D8%AA%DA%A9-%D8%AB%D8%A7%D8%A8%D8%AA-%DB%81%DB%8C%DA%BA%D8%9F%D9%8E
مفتی صاحب حدیث کا مفہوم سمجھائیں '' مرنے والا اور مارنے والا دونوں  جہنمی ہیں '' آج کل جو بے گناہ مررہے ہیں، کیا وہ بھی جہنمی ہوئے  یا کچھ اور مطلب ہے؟,واضح ہو کہ سوال میں ذکر کردہ جملہ '' مرنے والا اور مارنے والا دونوں جہنمی ہیں '' حدیث کا ایک ٹکڑا ہے ۔جبکہ مکمل حدیث کا مفہوم یہ ہے کہ ''جب دو مسلمان ایک دوسرے  کے خلاف مارنے کیلیے تلوار اٹھالیں تو ان میں مارنے والا اور مرنے والا دونوں  جہنمی ہونگے ۔پوچھاگیا اے اللہ کے رسولؐ !قاتل کے بارے میں تو یہ بات سمجھ میں آتی ہے، پر مقتول کے ساتھ یہ معاملہ کیوں؟ تو فرمایا:کیونکہ اس نے بھی دوسرے کو قتل کرنے کا ارادہ کر لیا تھا ۔ [اگر وہ اسے نہ مارتا تو یہ اسے ماردیتا ]۔ جہاں تک آج کل کے بے گناہ مرنے والوں کا تعلق ہے تو وہ اس حدیث کے تحت داخل نہیں ۔,قرآن و حدیث,تحقیق و تخریج حدیث,18660,0000-00-00,https://www.onlinefatawa.com/view_fatwa_unicode/18660/%E2%80%99%E2%80%99-%D9%85%D8%B1%D9%86%DB%92-%D9%88%D8%A7%D9%84%D8%A7-%D8%A7%D9%88%D8%B1-%D9%85%D8%A7%D8%B1%D9%86%DB%92-%D9%88%D8%A7%D9%84%D8%A7-%D8%AF%D9%88%D9%86%D9%88%DA%BA-%D8%AC%DB%81%D9%86%D9%85%DB%8C-%DB%81%DB%8C%DA%BA%E2%80%98%E2%80%98-%D8%B3%DB%92-%DA%A9%DB%8C%D8%A7-%D9%85%D8%B1%D8%A7%D8%AF-%DB%81%DB%92%D8%9F
السلام علیکم  !سر پر عمامہ شریف رکھنے کی کوئی حدیث بھیج دیجیے ۔,ذیل میں چند احادیث مبارکہ مع ترجمہ درج کی جارہی ہیں ملاحظہ ہو: (۱)۔ فی شمائل الترمذی : عن جابر - رضی اللہ عنہ - قال :دخل النبی – صلی اللہ علیہ و سلم - مکۃ یوم الفتح و علیہ عمامۃسوداء۔اھ ( ص: 8) ترجمہ:حضرت جابر رضی اللہ عنہ سے روایت ہے کہ نبی کریم ﷺ فتح مکہ کے دن مکہ شریف داخل ہوئے، آپ کے سر مبارک پر کا لی پگڑی تھی ۔ (۲)۔ وفیہ ایضاً:جعفر بن عمرو بن حریث عن ابیہ انّ النبی– صلی اللہ علیه وسلم -  خطب الناس و علیہ عمامۃ سوداء اہ (ص8) ترجمہ :حضرت جعفر اپنے والد عمرو بن حریث  رضی اللہ عنہ سے نقل کرتے ہیں کہ نبی کریم ﷺ نے لوگوں کو خطبہ دیا، جبکہ آپ کے سر مبارک پر کالی پگڑی تھی ۔ (3)۔ وفیہ ایضاً: عن ابن عمر - رضی اللہ عنہ- قا ل: کا ن النبی  – صلی اللہ علیه وسلم -  اذا اعتم سدل عمامۃ بین تفیہ۔اھ(ص8) ترجمہ: حضرت ابن عمر رضی اللہ سے روایت ہے کہ نبی کریم ﷺجب عمامہ باندھ لیتے تو اس کے شملے کو اپنے دونوں کندھوں کے درمیان چھوڑدیتے ۔ واللہ أعلم بالصواب!,قرآن و حدیث,تحقیق و تخریج حدیث,18261,2020-10-26,https://www.onlinefatawa.com/view_fatwa_unicode/18261/%D8%B3%D8%B1-%D9%BE%D8%B1-%D8%B9%D9%85%D8%A7%D9%85%DB%81-%D9%BE%DB%81%D9%86%D9%86%DB%92-%DA%A9%DB%92-%D8%A8%D8%A7%D8%B1%DB%92-%D9%85%DB%8C%DA%BA-%D8%A7%D8%AD%D8%A7%D8%AF%DB%8C%D8%AB-%D9%85%D8%A8%D8%A7%D8%B1%DA%A9%DB%81
کیا فرماتے ہیں علماء ِکرام و مفتیانِ عظام اس حدیث کے بارے میں کہ رسول اللہﷺ کی بارگاہ میں ذوی الخیر نامی شخص نے گستاخی کی جس کی نشانیاں تھیں،۱۔داڑھی، ۲۔سرسے گنجا، ۳۔ شلوار اوپر گال بھرے ہوئے، ۴۔آنکھیں پنسی ہوئی، ۵۔پیشانی ظاہر، مزید آپ نے فرمایا کہ اس سے قوم نکلے گی۔ آج کل بریلوی دیوبندیوں پر فٹ کرتے ہیں کہ وہ پانچ نشانیاں اور رسول اللہ کا فرمان  حلق سے نہیں اترے گا مسلمان کو قتل غیروں کی مد۔۔ کیاصحیح ہے؟,حدیث شریف کے جو الفاظ ہیں وہ یہ ہیں ’’يخرج من ضئضئ هذا قوم‘‘ کہ اس آدمی کے نسب سے ایسی قوم نکلےگی اور بتصریحِ محدثین اس کی قوم سے حضرت علی کرم اللہ وجہہ کے زمانے میں ایسے لوگ نکلے تھے جو خوارج کے نام سے تاریخ کی کتابوں میں یاد کیے جاتے ہیں، اس لیے حدیث میں آدمی کی تعیین کےلیے درج صفات یا علامات کو کسی مخصوص شخص یاجماعت پر فٹ کرنا دیانت کے خلاف اور تعصّب پر مبنی حرکت ہے جس سے  احتراز لازم ہے۔,قرآن و حدیث,تحقیق و تخریج حدیث,21490,2020-10-26,https://www.onlinefatawa.com/view_fatwa_unicode/21490/%DB%8C%D8%AE%D8%B1%D8%AC-%D9%85%D9%86-%D8%B6%D8%A6%D8%B6%D8%A6-%DB%81%D8%B0%D8%A7-%D9%82%D9%88%D9%85-%D9%88%D8%A7%D9%84%DB%8C-%D8%AD%D8%AF%DB%8C%D8%AB-%DA%A9%DB%8C-%D9%85%D8%B1%D8%A7%D8%AF
کیا فرماتے ہیں علماء ِکرام و مفتیان ِعظام اس مسئلہ کے بارے میں کہ میں نے فیس بک پر ایک حدیث پڑھی ہے کہ خربوزہ کھانے میں تاخیر نہ کرو، میں نے وہ حدیث کسی حوالے کے بغیر اپنے دوستوں کو سنائی وہ کہتے ہیں  کہ ایسی کوئی حدیث نہیں ہے۔ براہ ِکرم اس کے بارے میں راہنمائی فرمائیں، اب چونکہ میں نے اسے بغیر تحقیق  آگے پھیلایا ہے تو اس کےبارے میں میرے لیے کیا حکم ہے؟ یہ میں نے جان بوجھ کر نہیں کیا ہے۔,بغیر تحقیق اس طرح کی عبارت کو حدیث کا درجہ دینا اور آگے ایس، ایم، ایس کرنا درست نہیں ، بلکہ بسااوقات اس سے بجائے فائدہ ہونے کے گمراہی پھیلنے کاشدید اندیشہ ہوتا ہے، اس لیے سائل کو چاہیے کہ آئندہ کسی محقق عالم سے حدیث یا مسائل کی تحقیق کر اکر آگے بھیجنے کا اہتمام کرے۔ جبکہ مذکور عبارت کا حدیث ہونے کی تحقیق نہ ہو سکی۔,قرآن و حدیث,تحقیق و تخریج حدیث,22055,2020-10-26,https://www.onlinefatawa.com/view_fatwa_unicode/22055/%E2%80%99%E2%80%99%D8%AE%D8%B1%D8%A8%D9%88%D8%B2%DB%81-%DA%A9%DA%BE%D8%A7%D9%86%DB%92-%D9%85%DB%8C%DA%BA-%D8%AA%D8%A7%D8%AE%DB%8C%D8%B1%D9%86%DB%81-%DA%A9%D8%B1%D9%88%E2%80%98%E2%80%98-%D8%AD%D8%AF%DB%8C%D8%AB-%DB%81%DB%92-%DB%8C%D8%A7-%D9%86%DB%81%DB%8C%DA%BA%D8%9F
محترم جناب! السلام علیکم و رحمۃ اللہ و برکاتہ کیا حضرت عائشہ کی کوئی حدیث ہے ، جس کا مفہوم یہ ہے کہ ’’کبھی کھبار دو تین دن تک کھانے کے لۓ کچھ نہیں ہوتا تھا ، سوائے دو کالی چیزوں کے ’’ یعنی پانی اور کھجور ، جبکہ آج کل کے سائنسدانوں کا کہنا ہے کہ پانی جب تھوڑی مقدار میں ہو  ،تو اس کا کوئی رنگ نہیں ہوتا اور جب زیادہ مقدار ہو تو نیلا رنگ کا ہوتا ہے ،  براہِ مہربانی حدیث کو با ترجمہ ذکر کیجیے اور اس کی فضیلت واضح کیجیے۔,یہ عربی زبان کا مخصوص اسلوب ہے کہ قرب کی وجہ سے ایک نام دو الگ چیزوں کے لۓ استعمال کیا جاتا ہے ، جیسے چاند اور سورج کو ’’قمرین‘‘ یعنی دو چاند کہہ دیا جاتا ہے ، حالانکہ چاند اور سورج دونوں کے مستقل نام ہیں ، اسی قاعدہ کے تحت تغلیباً کھجور کے رنگ کی سیاہی کی وجہ سے پانی اور کھجور دونوں کے لۓ ’’اسودین‘‘ کا لفظ استعمال کیا گیا۔,قرآن و حدیث,تحقیق و تخریج حدیث,24232,2014-12-21,https://www.onlinefatawa.com/view_fatwa_unicode/24232/%D9%BE%D8%A7%D9%86%DB%8C-%D8%A7%D9%88%D8%B1-%DA%A9%D8%AC%DA%BE%D9%88%D8%B1-%DA%A9%D9%88-
پوچھنا یہ ہے کہ آپ صلی اللہ علیہ وسلم اور صحابہ کرام رضوان اللہ علیھم اجمعین کے زمانے میں احادیث کی جمع وترتیب نہیں ہوئی تھی ۔اور ہم اس بات کا یقین رکھتے ہیں کہ صحیح بخاری قرآن کریم کے بعد مستند اور مشہور کتاب ہے۔امام بخاریؒ آپﷺکے زمانے کے  ایک صدی بعد پیدا ہوئے ۔امام بخاریؒ فرماتے ہیں کہ میں چھ لاکھ احادیث جانتا ہوں اور میں نے صرف چھ سے سات ہزار احادیث بخاری میں ذکر کی ہیں ۔اس کا مطلب یہ ہوا کہ باقی کی تمام احادیث یا تو ضعیف ہیں یا موضوع۔میرا سوال یہ ہے کہ امام بخاریؒ  آپﷺکے زمانے کے ایک صدی بعد پیدا ہوئے اور اس کے علاوہ اور بھی محدثین کرام آئے تو یہ تمام محدثین کسی حدیث کے صحیح ہونے کے بارے میں کیسے جانتے ہیں ؟,اولاً تو سائل کی یہ بات درست نہیں کہ عہد رسالت اور عہد صحابہ میں احادیث کی جمع وترتیب نہیں ہوئی تھی ،بلکہ حقیقت یہ ہے کہ عہد رسالت میں صحابہ کرام کی ایک جماعت احادیث کو قلمبند کرتی رہی ،جن میں ایسے صحابہ بھی ہیں ، جنہوں نے احادیث کا ایک بڑاذخیرہ رسول اللہ ﷺسے سن کر قلمبند کیا ، نیز احادیث کا ذخیرہ ایسا ہے جو خود رسو ل اللہ ﷺنے املاء کرایا ، اور صحابہ کرام نے اسے محفوظ کیا اور یہی سلسلہ عہد صحابہ میں بھی چلتا رہا، اور پھر تیسری صدی میں باقاعدہ احادیث کی کتابیں لکھی گئیں ۔ جبکہ صحیح بخاری میں ذکر کی گئی احادیث کے علاوہ بھی صحیح احادیث موجود ہیں اور انہوں نے ساری صحیح احادیث کا احاطہ نہیں کیا ، بلکہ انہوں نے اطمینان کیلیے کچھ کڑی شرائط وضع کی تھیں ، چناچہ جو احادیث ان شرائط پر اتریں ،ان کو اپنی کتاب الجامع الصحیح میں ذکر کیا ۔جبکہ احادیث مبارکہ جتنی بھی آئیں ،وہ معلوم واسطوں سے آئی ہیں ،اور جن افراد کے واسطے سے آئیں، ان کے تمام حالات محفوظ ہیں ، جن کی بنیادپر راویان حدیث کو ضعیف یا وضاع قرار دیا گیا اور احادیث مبارکہ کی وہ قسمیں وجود میں آئیں ۔,قرآن و حدیث,تحقیق و تخریج حدیث,25300,2020-10-26,https://www.onlinefatawa.com/view_fatwa_unicode/25300/%D8%B5%D8%AF%DB%8C%D9%88%DA%BA-%D8%A8%D8%B9%D8%AF-%D9%BE%DB%8C%D8%AF%D8%A7-%DB%81%D9%88%D9%86%DB%92-%D9%88%D8%A7%D9%84%DB%92-%D9%85%D8%AD%D8%AF%D8%AB%DB%8C%D9%86-%DA%A9%D9%88-%D8%AD%D8%AF%DB%8C%D8%AB-%DA%A9%DB%8C-%D8%B5%D8%AD%D8%AA-%DA%A9%DB%92-%D8%A8%D8%A7%D8%B1%DB%92-%D9%85%DB%8C%DA%BA-%DA%A9%DB%8C%D8%B3%DB%92-%D9%BE%D8%AA%DB%81-%DA%86%D9%84%D8%A7%D8%9F
میں نے نیچے والی حدیث سنی ہے ،لیکن مجھے اس کا حوالہ  نہیں ملا، تو براہِ کرم آپ میری حوالے کے لیے مدد وراہنمائی فرمائیں۔ ’’حضرت جابر رضی اللہ عنہ کا فرمان ہے  میں بدھ کے دن ظہر اور عصر کے درمیان دعا کرتا  ہوں میری دعا قبول ہو جاتی‘‘ (مسند امام احمد) تو یہ حدیث کہا ں ہے اور صحیح حدیث کیا ہے اس کے متعلق؟,مذکور الفاظ میں تو حدیث نہیں ملی کہ ظہر اور عصر کے درمیان دعا کرتا  ہوں تو میری دعا قبول  ہوجاتی، البتہ بدھ کے دن قبولیت دعا کی روایت موجود ہے جس کے الفاظ درج ذیل ہیں: جابر بن عبداللہ رضی اللہ عنہ کی روایت ہے کہ بےشک نبی کریمﷺ نے مسجد فتح میں پیر، منگل، بدھ تین دعا مانگی توبدھ کے دن دونمازوں کے درمیان وہ دعا قبول ہوگئی۔ تو حضورﷺ کے چہرے میں خوشی محسوس ہوئی، تو حضرت جابرؓ فرماتے ہیں کہ مجھے جب بھی کوئی مشکل پیش آتی تو میں اُسی گھڑی (وقت) دعا کا قصد کرتا اور اس میں دعا مانگتا تو میں دعا کی قبولیت کو پہچان لیتا، (یعنی میری دعا قبول ہو جاتی)۔ والله أعلم بالصواب!,قرآن و حدیث,تحقیق و تخریج حدیث,24575,2020-10-26,https://www.onlinefatawa.com/view_fatwa_unicode/24575/%E2%80%99%E2%80%99%D9%85%DB%8C%DA%BA-%D8%A8%D8%AF%DA%BE-%DA%A9%DB%92-%D8%AF%D9%86-%D8%B8%DB%81%D8%B1-%D8%A7%D9%88%D8%B1-%D8%B9%D8%B5%D8%B1-%DA%A9%DB%92-%D8%AF%D8%B1%D9%85%DB%8C%D8%A7%D9%86-%D8%AF%D8%B9%D8%A7-%DA%A9%D8%B1%D8%AA%D8%A7-%DB%81%D9%88%DA%BA%DB%94%DB%94%DB%94-%D8%A7%D9%84%D8%AE-%D8%B1%D9%88%D8%A7%DB%8C%D8%AA-%DA%A9%DB%8C-%D8%AA%D8%AD%D9%82%DB%8C%D9%82:
السلام علیکم ورحمۃ اللہ وبرکاتہ وبعد جناب مفتی صاحب ہمارے ہاں انڈیا گجرات میں فتاویٰ رضویہ کے حوالے سے بریلوی حضرات نے ایک بات حضور اکرمﷺ کی طرف منسوب کرتے ہوئے بتاتے ہیں کہ ایک سال ایسا آئے گا جس میں اولے بہت برسیں گے اور زلزلے کثرت سے آئیں گے اس سال رمضان المبارک کا پہلا اور پندرھواں روزہ جمعہ کا دن ہوگا اور پندرھواں رات کو ایک دھماکہ سنائی دے گا، تو اس جمعہ کی فجر کی نماز پڑھ کر اپنے اپنے گھروں میں داخل ہو جاؤ اور چادر اوڑھ لو پھر ایک چیخنے کی آواز سنائی دے تو فوراً اللہ کو سجدہ کر کے سجدہ میں یہ تسبیح پڑھیں (۱) سبحان القدوس (۲) سبحان القدوس (۳) ربنا القدوس جبتک آواز سنائی دے جو ایسا کرے گا وہ نجات پائے گا (زندہ بچ جائے گا) اور جو ایسا نہیں کرے گا وہ ہلاک ہو جائے گا (مر جائے گا) اس کے بارے میں تحقیق چاہیے امید ہے کہ آپ ہمیں ممنون ومشکور فرمائیں گے فقط والسلام سراج الدین غفرلہ,باوجود تتبع و تلاش کے ہمیں مذکور حدیث کتب حدیث میں نہیں ملی معلوم ہوتا ہے کہ یہ من گھڑت روایت ہے اس لیے سائل کو چاہیے کہ ان لوگوں سے اس کا حوالہ مانگے اگر مل جائے تو ہمیں بھیج دیں تو اس پر مکرر غور کیا جا سکتا ہے۔ واللہ اعلم بالصواب!,قرآن و حدیث,تحقیق و تخریج حدیث,25817,2015-06-23,https://www.onlinefatawa.com/view_fatwa_unicode/25817/%D9%82%DB%8C%D8%A7%D9%85%D8%AA-%DA%A9%DB%92-%D9%82%D8%B1%DB%8C%D8%A8-%D8%AC%D9%85%D8%B9%DB%81-%DA%A9%D9%88-%D9%BE%DB%81%D9%84%D8%A7-%D8%B1%D9%85%D8%B6%D8%A7%D9%86-%D8%A7%D9%88%D8%B1-%D8%AF%DA%BE%D9%85%D8%A7%DA%A9%DB%92-%DA%A9%DB%8C-%D8%A2%D9%88%D8%A7%D8%B2
ایک کتاب میں عمدۃ القاری اور شرح مہذب کا حوالہ دے کر لکھاہے کہ ضعیف حدیث کی نسبت نبی کی طرف کرنا نبی پر جھوٹ بولناہے، اور نبی پر جھوٹ بولنے والے اپنا ٹھکانہ جہنم بنالے، اس کی کیا تفصیل ہے؟ رہنمائی فرمائیں:,مذکور کتابوں میں جو کچھ لکھاہے اس کا مطلب یہ ہے کہ حدیث جس درجہ کی ہو تو اسی انداز میں روایت کی جائے اگر حدیث صحیح ہو تو اسی کے صیغہ کے ساتھ اور ضعیف یا موضوع ہو تو انہی کے الفاظ اور صیغوں کے ساتھ روایت کی جائے وہ مطلب نہیں جو سائل یا مذکور کتاب والے نے سمجھایاہے۔,قرآن و حدیث,تحقیق و تخریج حدیث,27404,2015-12-13,https://www.onlinefatawa.com/view_fatwa_unicode/27404/%D8%B6%D8%B9%DB%8C%D9%81-%D8%AD%D8%AF%DB%8C%D8%AB-%DA%A9%DB%8C-%D9%86%D8%B3%D8%A8%D8%AA-%D8%AD%D8%B6%D9%88%D8%B1%EF%B7%BA-%DA%A9%DB%8C-%D8%B7%D8%B1%D9%81-%DA%A9%D8%B1%D9%86%D8%A7
محترم جناب مفتی صاحب! السلام علیکم ورحمۃ اللہ وبرکاتہ ! «أَصْحَابِي كَالنُّجُومِ فَبِأَيِّهِمُ اقْتَدَيْتُمْ اهْتَدَيْتُمْ»  کیا یہ حدیث رسول اللہ ﷺ سے ثابت ہے؟ اگر حدیثِ پیغمبر ہے تو براہِ مہربانی باحوالہ جواب عنایت فرمائیں۔والسلام۔,جی ہاں ! یہ رسول اللہ ﷺ کی ایک حدیث کا حصہ ہے،پوری حدیث مشکوٰۃ شریف کے حوالہ سے ذیل میں درج کی جارہی ہے،ملاحظہ ہو!,قرآن و حدیث,تحقیق و تخریج حدیث,28213,,https://www.onlinefatawa.com/view_fatwa_unicode/28213/%E2%80%9D%D8%A3%D9%8E%D8%B5%D9%92%D8%AD%D9%8E%D8%A7%D8%A8%D9%90%D9%8A-%D9%83%D9%8E%D8%A7%D9%84%D9%86%D9%91%D9%8F%D8%AC%D9%8F%D9%88%D9%85%D9%90%E2%80%9C-%D8%AD%D8%AF%DB%8C%D8%AB%D9%90-%DA%A9%DB%8C-%D8%AA%D8%AD%D9%82%DB%8C%D9%82
مفتی صاحب! یہ بتائیں کہ اللہ تعالیٰ کا قرآن کلام اللہ قدیم ہے؟ لیکن جو اللہ تعالیٰ کا باقی کلام ہے، مثلاً احادیث قدسیہ اور مندرجہ ذیل حدیث : ’’ینزل ربنا عزوجل کل لیلة الی سماء الدنیا حین یبقی ثلث اللیل الاخر فیقول من یدعونی فاستجیب له من یسئلنی فاعطیه من یستغفرنی فاغفرله‘‘ تو  کیایہ بھی قدیم ہیں؟ اس کو کیسے سمجھا جائے؟ جزاکم اللہ!,واضح ہو کہ احادیث قدسیہ اور دیگر کتب سماویہ بھی کلام اللہ کی طرح اللہ تعالیٰ کی صفاتِ قدیمہ ہیں۔,قرآن و حدیث,تحقیق و تخریج حدیث,29782,2020-10-26,https://www.onlinefatawa.com/view_fatwa_unicode/29782/%DA%A9%DB%8C%D8%A7%D9%82%D8%B1%D8%A7%D9%93%D9%86-%DA%A9%DB%8C-%D8%B7%D8%B1%D8%AD-%D8%A7%D8%AD%D8%A7%D8%AF%DB%8C%D8%AB%D9%90-%D9%82%D8%AF%D8%B3%DB%8C%DB%81-%D8%A8%DA%BE%DB%8C-%D9%82%D8%AF%DB%8C%D9%85-%DB%81%DB%8C%DA%BA%D8%9F
کیا فرماتے ہیں علماء ِکرام و مفتیانِ عظام اس مسئلہ کے بارے میں کہ میں نے ایک حدیث کے بارے میں سنا ہے جس کا مفہوم ہے کہ ہمیں اپنے کام، منصوبے ،اسفار وکاروبار وغیرہ کے متعلق قبل از وقت ظاہر نہیں کرنا چاہیے تاکہ حاسدین کے حسد سے محفوظ رہیں کیا یہ درست ہے؟ براہ ِکرم وضاحت فرمائیں کیونکہ یہ ایمان کا معاملہ ہے؟,جی ہاں! بعض احادیثِ مبارکہ سے یہی معلوم ہوتا ہے، چنانچہ معجم کبیر للطبرانی میں ’’استعینوا علی انجاح الحوائج بالکتمان فان کل ذی نعمة محسود‘‘ اپنے مقاصد کو حاصل کرنے کے لیے رازداری کو اپناؤ ، اس لیے کہ ہر نعمت والے کے ساتھ حسد کیا جاتا ہے۔,قرآن و حدیث,تحقیق و تخریج حدیث,30520,2020-10-26,https://www.onlinefatawa.com/view_fatwa_unicode/30520/%D9%85%D8%B9%D8%A7%D9%85%D9%84%D8%A7%D8%AA-%D9%82%D8%A8%D9%84-%D8%A7%D8%B2-%D9%88%D9%82%D8%AA-%D8%B1%D8%A7%D8%B2%D8%AF%D8%A7%D8%B1%DB%8C-%D9%85%DB%8C%DA%BA-%D8%B1%DA%A9%DA%BE%D9%86%DB%92-%D8%B3%DB%92-%D9%85%D8%AA%D8%B9%D9%84%D9%82-%D8%B1%D9%88%D8%A7%DB%8C%D8%AA-%D8%AB%D8%A7%D8%A8%D8%AA-%DB%81%DB%92-%DB%8C%D8%A7-%D9%86%DB%81%DB%8C%DA%BA%D8%9F
جب بندہ اپنی بیوی سے مل کریعنی مباشرت کرنے کے بعد جب غسل کرتا ہے،تو اس کےیعنی آدمی کے ہر بال کے بدلے میں ایک نیکی ملتی ہے؟,"سائل نے جس روایت کے متعلق سوال کیا ہے یہ روایت ""حدیث عطارۃ"" کے نام سے مشہور ہے اور اس میں ہر بال کے بدلہ میں ایک نیکی ملنے کے بجائے دس نیکیاں مل جانے اور دس خطائیں معاف ہوجانے کا ذکر ہے،مگر محدثین نے اس حدیث پر کلام کیا ہے،چنانچہ امام دار قطنی فرماتےہیں کہ یہ حدیث باطل ہے،اسلئے اس روایت کے مضمون پر اعتماد کرنا درست نہیں۔",قرآن و حدیث,تحقیق و تخریج حدیث,32346,,https://www.onlinefatawa.com/view_fatwa_unicode/32346/%D9%85%DB%8C%D8%A7%DA%BA-%D8%A8%DB%8C%D9%88%DB%8C-%DA%A9%DB%92-%DB%81%D9%85%D8%A8%D8%B3%D8%AA%D8%B1%DB%8C-%D9%BE%D8%B1-%D9%86%DB%8C%DA%A9%DB%8C%D8%A7%DA%BA-%D9%85%D9%84%D9%86%DB%92-%D9%88%D8%A7%D9%84%DB%8C-%D8%AD%D8%AF%DB%8C%D8%AB-%DA%A9%DB%8C-%D8%AA%D8%AD%D9%82%DB%8C%D9%82
ایک حدیث میں نے سنی تھی کہ اگر شوہر اپنی بیوی کو حکم دے کہ پہاڑ کو دھکا لگا کر کسی جگہ منتقل کرو ،بیوی کو چاہیئے کہ وہ تب بھی اس کےحکم سے انکار نہ کرے، اگر چہ دونوں جانتے ہیں ایسا ممکن نہیں، کیا آپ بتا سکتے ہیں یہ حدیث ہے؟ یا کونسی کتاب کی ہے؟,جی ہاں! اس مضمون کی روایت مشکوۃ المصابیح میں مسند احمد کے حوالے سے نقل کی گئی ہے، جس کے الفاظ یہ ہیں: ولو أمرها أن تنقل من جبل أصفر إلى جبل أسود ومن جبل أسود إلى جبل أبيض كان ينبغي لها أن تفعله ( کہ اگر شوہر بیوی کو یہ حکم دے کہ پیلے پہاڑ کو کالے پہاڑ کی طرف اور کالے پہاڑ کو سفید پہاڑ کی طرف منتقل کرے تو اسے ایسا کر دینا چاہیئے ) اور مقصود اس حدیث سے شوہرکے جائز امور کی حتی الامکان تعمیل کرنے کی ترغیب دینا ہے۔,قرآن و حدیث,تحقیق و تخریج حدیث,35258,,https://www.onlinefatawa.com/view_fatwa_unicode/35258/%D8%B4%D9%88%DB%81%D8%B1-%DA%A9%DB%8C-%D9%81%D8%B1%D9%85%D8%A7%D9%86%D8%A8%D8%B1%D8%AF%D8%A7%D8%B1%DB%8C-%D8%B3%DB%92-%D9%85%D8%AA%D8%B9%D9%84%D9%82-%D9%BE%DB%81%D8%A7%DA%91-%DA%A9%D9%88-%D8%AF%DA%BE%DA%A9%D8%A7-%D8%AF%DB%8C%D9%86%DB%92-%D9%88%D8%A7%D9%84%DB%8C-%D8%AD%D8%AF%DB%8C%D8%AB-%DA%A9%DB%8C-%D8%AA%D8%AD%D9%82%DB%8C%D9%82
کیا فرماتے ہیں علماءِ  کرام! اس مسئلہ  کے بارے میں کہ  نصابی کتب میں روایت ملتی ہے کہ رسول الله  ﷺپر ایک عورت کوڑا  پھینکتی تھی ،ایک دن اس نے  کوڑانہ پھینکا تور سول اللہ ﷺ اس کےگھر تشریف لے کر گئے   تو وہ عورت بیمار تھی ، آپ صلی اللہ علیہ وسلم نے اس کے  گھر کوصاف کیا ،پانی بھرا ، تو وہ عورت آپ صلی اللہ علیہ وسلم کا اخلاق دیکھ کر مسلمان ہو گئی- کیا یہ حدیث ہے یا سنی  سنائی بات ہے یا گور نمنٹ  کا نصاب ہی اس کا حوالہ ہے ؟ اس حوالے سے شرعی رہنمائی  فرمائیں۔,مذکور قصہ تلاشِ  بسیار کے باوجود ہمیں مستند کتبِ  حدیث میں نہیں مل سکا، لہذا بغیر کسی معتبر سند کے مذکورقصہ کو حضور اکرم ﷺ  کی طرف منسوب کر کے بیان کرنے سے احتراز کرنا چاہئے ۔,قرآن و حدیث,تحقیق و تخریج حدیث,36994,2019-03-03,https://www.onlinefatawa.com/view_fatwa_unicode/36994/%D8%AD%D8%B6%D9%88%D8%B1-%EF%B7%BA-%D9%BE%D8%B1-%DA%A9%D9%88%DA%91%D8%A7--%D9%BE%DA%BE%DB%8C%DA%A9%D9%86%DB%92-%D9%88%D8%A7%D9%84%DB%8C-%D8%B9%D9%88%D8%B1%D8%AA-%DA%A9%DB%92-%D9%82%D8%B5%DB%81-%DA%A9%DB%8C-%D8%AA%D8%AD%D9%82%DB%8C%D9%82-
’’لو اجتمع الناس علی حب علیّ لما خلق اللہ النار ابداً‘‘ کیا یہ حدیث صحیح ہے اور اس کا مطلب کیا ہے؟,تمام صحابہ کرام بشمول حضرت علی رضی اللہ عنہم اجمعین سے محبت و عقیدت رکھنا  تو ہر مسلمان کیلئے ضروری اور ایمان کا حصہ ہے، جس کی احادیثِ مبارکہ میں ترغیب آئی ہے، تاہم سائل نے سوال میں جو روایت نقل کی ہے ’’لو اجتمع الناس علی حب علی لم یخلق اللہ النار‘‘ (ترجمہ: اگر تمام لوگ حضرت علیؓ کی محبت پر جمع ہوجاتے، تو اللہ پاک آگ کو پیدا نہیں کرتے) مذکور روایت کو محدثین کرام نے موضوع و من گھڑت قرار دیا ہے۔,قرآن و حدیث,تحقیق و تخریج حدیث,37337,2019-04-01,https://www.onlinefatawa.com/view_fatwa_unicode/37337/%D8%AD%D8%B6%D8%B1%D8%AA-%D8%B9%D9%84%DB%8C%D8%93-%DA%A9%DB%8C-%D9%85%D8%AD%D8%A8%D8%AA-%D9%BE%D8%B1-%D8%AA%D9%85%D8%A7%D9%85-%D9%84%D9%88%DA%AF-%D8%AC%D9%85%D8%B9-%DB%81%D9%88-%D8%AC%D8%A7%D8%AA%DB%92---%D9%85%D9%86-%DA%AF%DA%BE%DA%91%D8%AA-%D8%AD%D8%AF%DB%8C%D8%AB
کیا فرماتے ہیں مفتیانِ کرام اس مسئلہ کے بارے میں کہ  ’’نمازِ  جمعہ کے لۓ ایک قدم پر  ایک سال تہجد کا ثواب ملتا ہے ‘‘  کیا یہ حدیث ہے؟ اگر ہے تو کون سی ہے ؟ براہِ کرم جواب دے دیں، جزاکم اللہ,جی ہاں! مذکور مضمون پر مشتمل حدیث سننِ ترمذی ، سننِ ابن ماجہ ، اور مسندِ احمد میں مذکور ہے کہ حضرت اوس بن اوس رضی اللہ عنہ فرماتے ہیں کہ رسول اللہ ﷺنے فرمایا: ’’ جس نے جمعہ کے دن غسل کیا ، اور جلدی ( مسجد ) میں حاضر ہوا ، اور امام کے قریب ہو کر خاموشی کے ساتھ غور سے خطبہ سنا تو اس کے لۓ ہر قدم کے بدلے ایک سال کے روزوں ، قیام (تہجد) کا ثواب ہے۔,قرآن و حدیث,تحقیق و تخریج حدیث,37362,2019-04-04,https://www.onlinefatawa.com/view_fatwa_unicode/37362/%D8%AD%D8%AF%DB%8C%D8%AB-%E2%80%99%E2%80%99%D9%86%D9%85%D8%A7%D8%B2%D9%90--%D8%AC%D9%85%D8%B9%DB%81-%DA%A9%DB%92-%D9%84%DB%93-%D8%A7%DB%8C%DA%A9-%D9%82%D8%AF%D9%85-%D9%BE%D8%B1--%D8%A7%DB%8C%DA%A9-%D8%B3%D8%A7%D9%84-%D8%AA%DB%81%D8%AC%D8%AF-%DA%A9%D8%A7-%D8%AB%D9%88%D8%A7%D8%A8-%D9%85%D9%84%D8%AA%D8%A7-%DB%81%DB%92-%E2%80%98%E2%80%98--%DA%A9%DB%8C-%D8%AA%D8%AD%D9%82%DB%8C%D9%82
میں نے ایک حدیث سنی ہے کہ ام سلمہؓ آپﷺ سے روایت کرتی ہیں کہ جو شخص چاندی کے برتن میں پیتا ہے، وہ اپنے پیٹ میں جہنم کی آگ بھرتا ہے، میرا سوال یہ ہے کہ کیا یہ حدیث صحیح ہے؟ اگر صحیح ہے تو اس کے استعمال سے کیوں منع کیا گیا ہے، کیاوہ صحت کے لیے مضر ہے؟ یا آخرت کی وجہ سے  ؟,سونا چاندی کے برتن استعمال کرنا اسراف کے ساتھ ساتھ متکبرین وکفار سے مشابہت بھی ہے، اس لیے احادیث مبارکہ میں اس کی ممانعت وارد ہے، چنانچہ سوال میں مذکور حدیث کتب حدیث میں صحیح سند کے ساتھ منقول ہے۔,قرآن و حدیث,تحقیق و تخریج حدیث,37890,,https://www.onlinefatawa.com/view_fatwa_unicode/37890/%DA%86%D8%A7%D9%86%D8%AF%DB%8C-%DA%A9%DB%92-%D8%A8%D8%B1%D8%AA%D9%86-%D9%85%DB%8C%DA%BA-%D9%BE%DB%8C%D9%86%DB%92-%DA%A9%DB%92-%D8%A8%D8%A7%D8%B1%DB%92-%D9%85%DB%8C%DA%BA-%D9%88%D8%A7%D8%B1%D8%AF%DB%81-%D8%B4%D8%AF%DB%81-%D8%AD%D8%AF%DB%8C%D8%AB-%DA%A9%DB%8C-%D8%AA%D8%AD%D9%82%DB%8C%D9%82
,"مذکور حدیث متعدد کتبِ حدیث میں مروی ہے ، اور امام حاکم نے اسے "" صحیح علی شرط الشیخین "" قرار دیا ہے ، جبکہ علامہ ذہبی نے بھی اس کی سند کو درست کہا ہے ، لہذا یہ حدیث سند کے اعتبار سے مستند اور قابل استدلال ہے۔",قرآن و حدیث,تحقیق و تخریج حدیث,38353,,https://www.onlinefatawa.com/view_fatwa_unicode/38353/%D8%B3%D9%88%D8%A7%D9%84-%D9%85%DB%8C%DA%BA-%D9%85%D8%B0%DA%A9%D9%88%D8%B1-%D8%A7%DB%8C%DA%A9--%D8%AD%D8%AF%DB%8C%D8%AB-%DA%A9%DB%8C-%D8%AA%D8%AD%D9%82%DB%8C%D9%82
مفتی صاحب ! قرآن مجید میں ایسی کوئی آیت موجود ہے یا احادیث میں کوئی ایسی حدیث جس میں اس بات کی ترغیب دی گئی ہو کہ اگر کسی صاحبِ حیثیت مسلمان کے پڑوس، جان پہچان یارشتہ داروں میں کوئی نہایت غریب اور نادار فرد موجود ہو تو وہ  صاحبِ حیثیت شخص دوسری بار یا تیسری بار حج اور عمرہ کے لیےجانے کی بجائے اس غریب اور نادار کو وہ رقم دے دے اور حج اور عمرہ کے لیے نہ جاوے ؟  اگر ایسی صورت کسی کو پیش آجائے تو پھر وہ صاحبِ استطاعت کیا عمل اختیار کرے؟ نیز ایسی کوئی حدیث موجود ہے جس میں صاحبِ استطاعت لوگوں کو بار بار حرمین شریفین عمرہ اور حج کے لیے حاضری کی ترغیب دی گئی ہو ؟ برائے مہربانی ایسی حدیث غریب کی نشاندہی فرمادیں؟,"واضح ہو کہ حرمین شریفین کی بار بار  زیارت کرنابہت بڑی سعادت مندی   کی بات ہے اور نبی کریم صلی اللہ علیہ سلم کےایک حدیث مبارکہ سے اس کی ترغیب بھی معلوم ہوئی ہے، جس میں حضور اکرم صلی اللہ علیہ وسلم نے فرمایا کہ ""العمرة إلى العمرة كفارة لما بينهما ""اسی طرح غریب اور نادار لوگوں کے ساتھ تعاون کرنا بھی بہت بڑے اجر و ثواب کا باعث ہے ۔ جس کی حادیث مبارکہ میں بہت زیادہ ترغیب دی گئی ہے، لیکن احادیث مبارکہ میں ہماری نظر سے ایسی کوئی حدیث نہیں گزری، جس میں اس بات کی صراحت ہو کہ نادار اورغریب پڑوسیوں کی موجودگی میں حرمین شریفین کی زیارت کرنے کے بجائے ان کے ساتھ تعاون کرنا چاہیے، تاہم بہتر یہ ہے کہ جس شخص نے ایک مرتبہ فریضہ حج یا عمرہ کی سعادت حاصل کر لی ہو، اس کے لیے دوبارہ حرمین شریفین کی حاضری کے بجائے غریب و نادار لوگوں کی مدد میں اس رقم کو لگانا چاہیے۔",قرآن و حدیث,تحقیق و تخریج حدیث,38365,2019-09-29,https://www.onlinefatawa.com/view_fatwa_unicode/38365/%D8%A8%D8%A7%D8%B1-%D8%A8%D8%A7%D8%B1-%D8%AD%D8%AC-%D9%88%D8%B9%D9%85%D8%B1%DB%81-%DA%A9%D8%B1%D9%86%D8%A7-%D8%A7%D9%81%D8%B6%D9%84-%DB%81%DB%92-%DB%8C%D8%A7-%DA%A9%D8%B3%DB%8C-%D8%BA%D8%B1%DB%8C%D8%A8-%D8%B4%D8%AE%D8%B5-%DA%A9%DB%8C-%D9%85%D8%AF%D8%AF%DA%A9%D8%B1%D9%86%D8%A7%D8%9F
میری تنخواہ تقریباً ایک لاکھ روپے سے کچھ زیادہ ہے مگر معاشرے کی مہنگائی کی وجہ سے میں کچھ بھی مشکل وقت کیلئے بچا نہیں پاتا، جس کی وجہ سے اکثر میری بیوی مجھ سے لڑتی ہے، اگرچہ کچھ خرچ میں اس کو نکال کر اس کے ذاتی خرچ کیلئے دیتا ہوں مگر میں نے کسی سے سنا تھا کہ ’’عورت کے ہاتھ میں پورا خرچ نہیں دینا چاہئے، اس سے اللہ نے منع کیا ہے‘‘۔ اللہ مجھے معاف کرے مگر اس کی کیا حقیقت ہے اور اس سے کیا مراد ہے؟ اور کیا میں سب کچھ کماکر اپنی بیوی کے ہاتھ میں اسلام کی تعلیمات کے مطابق نہیں رکھ سکتا تاکہ وہ میرے گھر کا نظام چلائے اور اس کی دیکھ بھال کرے؟ سوائے اس کے کہ کچھ خرچ اپنی جیب میں سواری اور لوگوں سے ملنے جلنے کی خاطر رکھوں؟ میرا دنیا میں اپنی بیوی کے سوا کوئی نہیں، ماں باپ بہت پہلے وفات پاگئے تھے اس لئے ان مسائل میں ہدایات دینے والا اللہ والوں کے سوا کوئی نہیں، مہربانی کرکے اسلام کی روشنی میں اور تاریخ میں جواب واضح کردیں۔ شکریہ والسلام,سائل نے جو یہ لکھا ہے کہ ’’عورت کے ہاتھ میں پورا خرچ نہیں دینا چاہئے، اس سے اللہ تعالیٰ نے منع کیا ہے‘‘۔ اس کی شرعاً کوئی حقیقت نہیں، بلکہ من گھڑت باتوں میں سے ہے۔ تاہم اگر کوئی عورت بااعتماد ہو، اس طور پر کہ وہ گھر کے نظام اور اس کی دیکھ بھال کو اچھی طرح اور پیسے کو احتیاط کے ساتھ مصارف پر خرچ کرنا جانتی ہو اور اس میں کسی قسم کی خیانت اور اسراف وغیرہ سے بھی کام نہ لیتی ہو تو شوہر کا اپنا خرچ الگ کرکے باقی تنخواہ اپنی بیوی کے حوالہ کرنے میں بھی شرعاً کوئی حرج نہیں۔,قرآن و حدیث,تحقیق و تخریج حدیث,38817,2019-12-03,https://www.onlinefatawa.com/view_fatwa_unicode/38817/%D8%B9%D9%88%D8%B1%D8%AA-%DA%A9%DB%92-%DB%81%D8%A7%D8%AA%DA%BE-%D9%85%DB%8C%DA%BA-%D8%AA%D9%86%D8%AE%D9%88%D8%A7%DB%81-%D8%AF%DB%8C%D9%86%DB%92-%D8%B3%DB%92-%D9%85%D9%86%D8%B9-%DA%A9%D8%B1%D9%86%DB%92-%D9%88%D8%A7%D9%84%DB%8C-%D8%B1%D9%88%D8%A7%DB%8C%D8%AA-%DA%A9%DB%8C-%D8%AA%D8%AD%D9%82%DB%8C%D9%82
السلام علیکم ورحمۃ اللہ وبرکاتہ! سوال یہ ہے کہ احادیث کی اسناد میں موجود راویوں کو پرکھ کر حکم لگانے کا جو علم ہے اس میں سب سے زیادہ مستند ترین درست اور قابلِ اعتبار تحکیم کن کن محدث علماء کی ہے؟ ان کے نام لکھ دیجیے، نیز راویوں کے حالات اور راویوں پر جرح و تعدیل کی مستند ترین کتب کے نام کیا ہیں؟ جن پر اعتماد کیا جاتا ہو اور ایسی کل کتب کتنی ہیں؟ کیا شیعہ سنی دونوں ایک دوسرے کے ماہرین رجال علماء پر اعتماد کر سکتے ہیں؟,۱۔  جرح و تعدیل چونکہ ایک نازک فن ہے ، اس لئے محدثین نے اس میں تحکیم کے قابل اعتبار ہونے یا نہ ہونے کے حوالہ سے کچھ شرائط مقرر کی ہیں ، جیسے علم ، تقوی ، ورع ، سچائی، تعصب سے پرہیز اور جرح و تعدیل کے اسباب سے واقفیت وغیرہ، اور جن محدثین میں یہ شرائط پائی جاتی ہیں ، ان میں سے قابلِ ذکر متقدمین میں یحی بن سعید القطان ، علی بن المدینی، ابن معین اور متاخرین میں ابن حجر اور ذہبی رحمہم اللہ وغیر ہم ہیں۔ ۲۔  فن اسماء الرجال اور جرح و تعدیل کی بعض مستند کتب یہ ہیں: تہذیب الکمال، تذہیب التہذیب، الکاشف فی معرفۃ من لہ روایۃ فی الکتب السنۃ، تہذيب التہذيب، تقریب التہذیب، خلاصة تذهیب تہذیب  الکمال، میزان الاعتدال في نقد الرجال، لسان المیزان و غیرہ ۳۔ اہل تشیع میں سے رافضی اور وہ تفضیلی جو اپنے گمراہ کن عقائد کا داعی ہو ، اور اپنے مذہب کی تائید کے لئے جھوٹ کو بھی حلال سمجھتا ہو، ایسے شیعہ محدث پر اعتماد شرعاً جائز نہیں، البتہ جو شیعہ اپنے عقائد کا داعی نہ ہو ، اور نہ ہی جھوٹ کو اپنے لئے حلال سمجھتا ہو ، تو ایسے شیعہ محدث پر اعتماد و عدم اعتماد کے بارے میں محدثین کا اختلاف ہے، اور اکثریت کی رائے یہ ہے کہ ایسے مبتدع اور شیعہ کے معاملہ میں بھی احتیاط اعتماد نہ کرنے میں ہی ہے۔,قرآن و حدیث,تحقیق و تخریج حدیث,39172,,https://www.onlinefatawa.com/view_fatwa_unicode/39172/%D8%B4%DB%8C%D8%B9%DB%81-%D9%85%D8%AD%D8%AF%D8%AB-%D9%BE%D8%B1-%D8%A7%D8%B9%D8%AA%D9%85%D8%A7%D8%AF-%D9%88%D8%B9%D8%AF%D9%85-%DA%A9%D8%A7-%D8%A7%D8%B5%D9%88%D9%84
کیا کوئی ایسی حدیث ہے جس میں نبی کریمﷺنے فرمایا ہو کہ اسلام کی عمر 1500 سال ہوگی؟ کیا اس حدیث کا حوالہ مل سکتا ہے؟,مستند کتبِ حدیث میں  نبی  کریم ﷺ سے ایسی کوئی روایت منقول نہیں، کہ جس میں یہ ذکر کیا گیا ہو، کہ اسلام کی عمر پندرہ سو سال ہوگی،  تاہم  “کنز العمال” وغیرہ دیگر کتب میں ابن عباس  رضی اللہ عنہ سے دنیا کی عمر کے متعلق  روایت نقل کی گئی ہے،  لیکن محدثین کرام نے ان روایات کو موضوع   اور من گھڑت  قرار دیا ہے۔,قرآن و حدیث,تحقیق و تخریج حدیث,40103,,https://www.onlinefatawa.com/view_fatwa_unicode/40103/%DA%A9%DB%8C%D8%A7-%D8%A7%D8%B3%D9%84%D8%A7%D9%85-1500-%D8%B3%D8%A7%D9%84-%D8%A8%D8%B9%D8%AF-%D8%AE%D8%AA%D9%85-%DB%81%D9%88%D8%AC%D8%A7%D8%A6%DB%92-%DA%AF%D8%A7-
آج کل ایک میسج چل رہا ہے کہ(وتر کی نماز پڑھنے کے بعد دو سجدے کرنے ہیں، پہلے میں ’’سبوح قدوس رب الملآئکة والروح‘‘ پانچ مرتبہ پڑھ کر جلسہ کرنا ہے اور آیت الکرسی ایک مرتبہ پڑھ کر دوبارہ سجدہ میں ’’سبوح قدوس رب الملآئکة والروح‘‘پانچ مرتبہ پڑھنا ہے) یہ وظیفہ آپ صلی اللہ علیہ وسلم نے فاطمہ رضی اللہ عنہا کو بتایا ہے۔ اس کے فضائل میں ہے کہ جگہ  سے اٹھنے سے پہلے اس کی اللہ مغفرت فرماتے ہیں، اور اس کو سو حج سو عمرےسو شہیدوں کا ثواب عطا فرماتے ہیں، ہزا ر فرشتے نازل کرتے ہیں جواس کے لیے نیکیاں لکھتے ہیں اور ساٹھ بندوں کی سفارش کا حکم اللہ فرمائیں گے۔ کیا یہ کسی حدیث سے ثابت ہے؟ اور اس پر عمل کرنے والے کو ثواب ملے گا؟,سائل نے جس حدیث کا حوالہ دیا ہے اس کو محدثین اور شرّاح حدیث نے موضوع اور من گھڑت قرار دیا ہے، اس لئے اس کو درست سمجھ کر اس پر خود عمل کرنے اور آگے پھیلانے سے احتراز چاہئے۔,قرآن و حدیث,تحقیق و تخریج حدیث,40503,,https://www.onlinefatawa.com/view_fatwa_unicode/40503/%D9%85%D9%86-%DA%AF%DA%BE%DA%91%D8%AA-%D8%B1%D9%88%D8%A7%DB%8C%D8%AA-%DA%A9%D9%88-%D8%AF%D8%B1%D8%B3%D8%AA-%D8%AD%D8%AF%DB%8C%D8%AB-%D8%B3%D9%85%D8%AC%DA%BE-%DA%A9%D8%B1-%D8%A7%D8%B3-%D9%BE%D8%B1-%D8%B9%D9%85%D9%84-%DA%A9%D8%B1%D9%86%D8%A7
السلام وعلیکم. کیا فرماتے ہیں علماء کرام اس حدیث کے بارے میں کہ یہ حدیث صحیح ہے یا ضعیف یا موضوع؟ اماں عائشہ رضی اللہ تعالٰی عنہ فرماتی ہیں کہ نہ میں نے حضور اکرم (ص) کی شرم گاہ دیکھی نہ انہوں نے میری (مفہوم حدیث) برائے مہربانی اس حدیث کی سند اور جن محدث نے اس حدیث کو صحیح یا ضعیف کہا ان کا نام بھی بتادیں. اور کیا میاں بیوی ایک دوسرے کی شرم گاہ دیکھ سکتے ہیں. برائے مہربانی جواب دے کر عنداللہ ماجور ہوں. جزاک اللہ خیر,محدثین کی تصریح کے مطابق سوال میں مذکور حدیث سنداً ضعیف ہے، جبکہ میاں بیوی کے لیے ایک دوسرے کی شرمگاہ کو دیکھنا اگرچہ جائز ہو، مگر اس سے بچنا افضل و اولیٰ ہے۔,قرآن و حدیث,تحقیق و تخریج حدیث,42887,2020-10-26,https://www.onlinefatawa.com/view_fatwa_unicode/42887/%D8%AD%D8%B6%D9%88%D8%B1%D8%90-%D8%A7%D9%88%D8%B1-%D8%A7%D9%85%DB%8C-%D8%B9%D8%A7%D8%A6%D8%B4%DB%81%D8%93-%DA%A9%DB%92-%D8%A7%DB%8C%DA%A9-%D8%AF%D9%88%D8%B3%D8%B1%DB%92-%DA%A9%DB%8C-%D8%B4%D8%B1%D9%85%DA%AF%D8%A7%DB%81-%D9%86%DB%81-%D8%AF%DB%8C%DA%A9%DA%BE%D9%86%DB%92-%D8%B3%DB%92-%D9%85%D8%AA%D8%B9%D9%84%D9%82-%D8%B1%D9%88%D8%A7%DB%8C%D8%AA-%DA%A9%DB%8C-%D8%AA%D8%AD%D9%82%DB%8C%D9%82
معلوم یہ کرنا ہے کہ کسی صحیح  یا ضعیف حدیث میں اس طرح آیا ہے کہ یہ تین طرح  کے کام کرنے والوں کے رزق میں برکت نہیں ہوتی! 1 :-  سنار  2 :-  درزی 3 :-  مستري ،ٹھکیدار ۔,تلاشِ بسیار کے باوجود اس طرح کی حدیث کسی مستند کتاب میں نہیں ملی، اس لئے  بلا سند اس طرح کی باتوں پر اعتماد کرنا درست نہیں ۔,قرآن و حدیث,تحقیق و تخریج حدیث,42927,0000-00-00,https://www.onlinefatawa.com/view_fatwa_unicode/42927/-%D8%B3%D9%86%D8%A7%D8%B1---%D8%AF%D8%B1%D8%B2%DB%8C-%D8%A7%D9%88%D8%B1-%D9%85%D8%B9%D9%85%D8%A7%D8%B1-%D8%B3%DB%92-%D9%85%D8%AA%D8%B9%D9%84%D9%82-%D8%AD%D8%AF%DB%8C%D8%AB-
کیا فرماتے ہیں علماء ِکرام و مفتیانِ عظام اس مسئلہ کے بارے میں کہ تین روایتیں میڈیا پر یہ گردش کرتی ہیں،لیکن ان کا حوالہ مذکور نہیں، بسا اوقات سننے کو بھی ملتی ہیں۔ براہ ِکرم ان کا مستند حوالہ ارشاد فرما دیں یا ان روایات کی وضاحت کر دیں کہ صحیح ہیں یا  مقبول ہیں یا من گھڑت ہیں؟ بہت نوازش ہوگی۔ ۱۔ لمبے ناخن پر شیطان سواری کرتا ہے؟ اس پر حوالہ امام غزالی کی ’’احیاء العلوم‘‘ کا پیش کیا جاتا ہے۔ ۲۔ ایمان، عقیدہ دیہات کی بوڑھی عورتوں سے سیکھو، یا دیہات کی بوڑھی عورتوں جیسا رکھو۔ ۳۔ ایک طویل روایت ہے کہ  حضرت عمر سے روایت ہے کہ ایک مرتبہ ایک بلی نے مسجد کے صحن میں بچے دے یئے، لہٰذا انہوں نے چند دوسرے صحابہ کرام کے ہمراہ اس بلی اور بچوں کو صحن سے باہر کس محفوظ مقام تک پہنچا دیا، اسی اثناء میں سرکار ِمدینہ محمدﷺ مسجد میں تشریف لے آئے،آپ نے جب بلی اور بچوں کو غائب پایا تو پوچھا کہ وہ بلی اور بچے کہاں گئے؟ حضرت عمر ؓنے عرض کیا’’یارسول اللہ ان کو محفوظ مقام پر مسجد سے باہر منتقل کر دیا ہے‘‘ حضور نے ارشاد فرمایا اس کو اور بچوں کو واپس اسی جگہ مسجد نبوی میں لا کر رکھو جہاں وہ پہلے تھی، لہذا حکمِ رسالت کی تعمیل ہوئی ، سرکارِ دوعالم ﷺنے ارشاد فرمایا: عمر ٹھیک ہے کہ یہ ایک نجس جانور ہے میں بھی اس کو زچگی سے بیشتر حاملہ حالت میں دیکھا کرتا تھا اور پیار سے پچکار کر بھیج دیا کرتا تھا مگر زچگی کے بعد یہ بلی ماں بن گئی، لہٰذا میں یہ قطعی پسند نہیں کرتا کہ جب تک اس کے بچے انہیں کھول کر خود چلنے کے قابل نہ ہوں اسے یہاں سے نکال دیا جائے۔ حضرت عمر کے مطابق آپ اپنے دست مبارک سے بلی کے بچوں کو دودھ پلاتے تھے۔ مہربانی فرماکر ان روایات کی تحقیق مطلوب ہے۔,مذکور روایتیں تلاشِ بسیار کے باوجود کسی مستند حدیث کی کتاب میں نہیں ملیں، لہٰذا ان روایتوں کی نسبت حضور اکرمﷺ کی طرف کرنے سے اجتناب لازم ہے۔والله أعلم بالصواب!,قرآن و حدیث,تحقیق و تخریج حدیث,43149,2020-10-26,https://www.onlinefatawa.com/view_fatwa_unicode/43149/%D9%84%D9%85%D8%A8%DB%92-%D9%86%D8%A7%D8%AE%D9%86-%D9%BE%D8%B1-%D8%B4%DB%8C%D8%B7%D8%A7%D9%86-%D8%B3%D9%88%D8%A7%D8%B1%DB%8C-%DA%A9%D8%B1%D8%AA%D8%A7-%DB%81%DB%92%E2%80%98%E2%80%98-%D8%A7%D9%88%D8%B1-%E2%80%99%E2%80%99%D8%A7%DB%8C%D9%85%D8%A7%D9%86-%D9%88%D8%B9%D9%82%DB%8C%D8%AF%DB%81-%D8%AF%DB%8C%DB%81%D8%A7%D8%AA-%DA%A9%DB%8C-%D8%A8%D9%88%DA%91%DA%BE%DB%8C-%D8%B9%D9%88%D8%B1%D8%AA%D9%88%DA%BA-%D8%B3%DB%92-%D8%B3%DB%8C%DA%A9%DA%BE%D9%88%DB%94%DB%94%DB%94-%D8%A7%D9%84%D8%AE-%D8%B1%D9%88%D8%A7%DB%8C%D8%AA-%D8%AB%D8%A7
"عن سعید بن جبیر، قال: قال لي ابن عباس: هل تزوجت ؟ قلت: لا، قال: "" فتزوج فإن خیر ھذہ الامۃ اکثرھا نساء""، ترجمہ : سعید بن جبیر سے روایت ہے کہ مجھ سے ابن عباس رضی اللہ عنہانے دریافت فرمایا کہ تم نے شادی کر لی ہے؟ میں نے کہا نہیں،آپ نے فرمایا کہ شادی کر لو، کیونکہ اس امت کا بہترین شخص وہ ہے، جس کی بیویاں زیادہ ہوں (باب کثرۃ النساء،حدیث نمبر: 5069) کیا یہ حدیث مبارک ٹھیک ہے؟",مذکور روایت کو امام بخاری رحمہ اللہ نے صحیح بخاری میں نقل کیا ہے،لیکن یہ باقاعدہ بنی کریم ﷺ کی مرفوع روایت نہیں ہے، بلکہ حضرت عبد اللہ ابن عباس رضی اللہ عنہما کا قول ہے۔,قرآن و حدیث,تحقیق و تخریج حدیث,46072,,https://www.onlinefatawa.com/view_fatwa_unicode/46072/%DA%A9%DB%8C%D8%A7-%D8%A7%D8%B3-%D8%A7%D9%85%D8%AA-%DA%A9%D8%A7-%D8%A8%DB%81%D8%AA%D8%B1%DB%8C%D9%86-%D8%B4%D8%AE%D8%B5-%D9%88%DB%81-%DB%81%DB%92%D8%AC%D8%B3-%DA%A9%DB%8C-%D8%A8%DB%8C%D9%88%DB%8C%D8%A7%DA%BA-%D8%B2%DB%8C%D8%A7%D8%AF%DB%81-%DB%81%D9%88%DA%BA%D8%9F
قیامت کے دن ایک جنتی سے پوری انسانیت جو کہ جہنم میں جائے گی پوچھا جائے گا ؟اور اسی طرح پوری انسانیت سے جو کہ جنت جائے گی، تو ایک جہنمی کے بارے میں پوچھا جائے  گا کہ وہ کیوں جہنم گیا  ؟ کیا یہ حدیث ہے ؟ یہ ایک تبلیغی سے سنا تھا؟,سوال میں مذکور مضمون پر مشتمل کوئی حدیث ہمیں کسی حدیث کی کتاب میں نہیں ملی، لہذا بلا تحقیق کسی بات کو نبی کریم ﷺ کی طرف منسوب کرنے سے اجتناب لازم ہے۔,قرآن و حدیث,تحقیق و تخریج حدیث,46162,2021-06-12,https://www.onlinefatawa.com/view_fatwa_unicode/46162/%DA%A9%DB%8C%D8%A7-%D8%A7%DB%8C%DA%A9-%D8%A7%D9%85%D8%AA%DB%8C-%DA%A9%DB%92-%D8%AC%DB%81%D9%86%D9%85-%D9%85%DB%8C%DA%BA-%D8%AC%D8%A7%D9%86%DB%92-%D9%BE%D8%B1--%D9%BE%D9%88%D8%B1%DB%8C-%D8%A7%D9%86%D8%B3%D8%A7%D9%86%DB%8C%D8%AA-%D8%B3%DB%92-%D8%A7%D8%B3%DA%A9%DB%8C-%D9%BE%D9%88%DA%86%DA%BE-%DB%81%D9%88%DA%AF%DB%8C%D8%9F
سوال یہ ہے کہ ایک واقعہ تبلیغی جماعت کے حضرات سے سنا، کہ وہ یہ بیان کرتے ہیں کہ ایک مرتبہ اللہ کے رسول ﷺ نے امی عائشہ رضی اللہ عنہا سے پوچھا کہ سب سے اچھا گھر کس کا ہے، تو انہوں نے فرمایا کہ میرا ہے، کیونکہ میرے گھر میں آپ ہیں، تو اللہ کے رسول ﷺ نے فرمایا نہیں، بلکہ اس کا گھر سب سے اچھا ہے، جس کے گھر سے کوئی شخص اللہ کے راستے میں نکلا ہوا ہو، کیونکہ اس گھر میں اللہ خود موجود ہوتے ہیں، تو پوچھنا یہ ہے کہ کیا یہ واقعہ کہیں سے ثابت ہے اور اگر نہیں ہے تو ایسے بیان کرنے والے کا کیا حکم ہے؟ کیا اس کو تجدید ایمان ضروری ہے؟ جواب دے کر شکریہ کا موقع عطا کریں۔ جزاکم اللہ,تلاشِ بسیار کے باوجود مذکور مضمون پر مشتمل کوئی واقعہ، احادیث مبارکہ کی کسی معتبر کتاب میں نہیں ملا، لہٰذا بلا تحقیق ایسے واقعات نبی کریم ﷺ کی طرف منسوب کرنے سے اجتناب لازم ہے، تاہم لاعلمی کی بناء پر اس واقعے کو بیان کرنے کی وجہ سے بیان کرنے والے کے ایمان پر کوئی اثر نہیں پڑا۔۔۔۔۔۔۔واللہ اعلم بالصواب,قرآن و حدیث,تحقیق و تخریج حدیث,46360,2021-06-21,https://www.onlinefatawa.com/view_fatwa_unicode/46360/%D8%AC%D9%88-%D8%A7%D9%84%D9%84%DB%81-%DA%A9%DB%92-%D8%B1%D8%A7%D8%B3%D8%AA%DB%92-%D9%86%DA%A9%D9%84%DB%92-%DA%AF%D8%A7-%D8%A7%D9%84%D9%84%DB%81-%D8%A7%D8%B3-%DA%A9%DB%92-%DA%AF%DA%BE%D8%B1-%DB%81%D9%88%DA%AF%D8%A7---%D9%85%D9%86-%DA%AF%DA%BE%DA%91%D8%AA-%D8%AD%D8%AF%DB%8C%D8%AB-%DA%A9%DB%8C-%D8%AA%D8%AD%D9%82%DB%8C%D9%82
میں نے سنا ہے کہ ایک روپیہ سود کا پیسہ کھانا اپنی ماں سے چھتیس(۳۶) مرتبہ زنا کرنے کے برابر ہے۔ کیا یہ حدیث صحیح اور کتبِ احادیث میں موجود ہے؟,سائل نے جو مضمون سوال میں نقل کیا ہے بعینہ وہ الفاظ تو حدیث کی کتابوں میں نہیں ملے، البتہ مختلف احادیث سے اس طرح کا مضمون ثابت ہے، چنانچہ ایک حدیث میں ہے کہ سود کا ایک درہم کھانا چھتیس(۳۶) مرتبہ زنا کرنے سے زیادہ سخت ہے، جبکہ دوسری ایک حدیث میں ہے کہ سود کے گناہ کے ستر درجے ہیں ان میں سے ادنیٰ درجہ اپنی ماں سے زنا کرنا ہے۔,قرآن و حدیث,تحقیق و تخریج حدیث,47043,2020-10-26,https://www.onlinefatawa.com/view_fatwa_unicode/47043/%D8%B3%D9%88%D8%AF-%DA%A9%DB%8C-%D9%82%D8%A8%D8%A7%D8%AD%D8%AA-%D9%85%DB%8C%DA%BA-%DA%86%DA%BE%D8%AA%DB%8C%D8%B3-%D9%85%D8%B1%D8%AA%D8%A8%DB%81-%D9%85%D8%A7%DA%BA-%D8%B3%DB%92-%D8%B2%D9%86%D8%A7-%DA%A9%D8%B1%D9%86%DB%92-%D9%88%D8%A7%D9%84%DB%8C-%D8%AD%D8%AF%DB%8C%D8%AB-%DA%A9%DB%8C-%D8%AA%D8%AD%D9%82%DB%8C%D9%82
کیا یہ حدیث ہے ؟ اگر ہے تو حوالہ بتا کر رہنمائی فرمائیں! حضرت محمد ﷺ کے سامنے ایک جنازہ گزرا تو آپ ﷺ کی آنکھ مبارک سے آنسو جاری ہو گئے، صحابۂ کرام رضوان اللہ علیہم اجمعین نے عرض کیا، یا رسول اللہ یہ تو غیر مسلم کا جنازہ ہے تو آپﷺ نے ارشاد فرمایا کہ میری امت سے تو ہے اور جنت کے بجائے جہنم میں جا رہا ہے ۔,سوال میں مذکور روایت تلاش بسیار کے باوجود بھی ہمیں حدیث کی کسی مستند کتاب میں نہیں ملی، لہذا بغیر تحقیق کے اس روایت کی نسبت حضور ﷺ کی طرف کرنے سے اجتناب کرنا چاہیئے۔,قرآن و حدیث,تحقیق و تخریج حدیث,47097,,https://www.onlinefatawa.com/view_fatwa_unicode/47097/%D8%BA%DB%8C%D8%B1%D9%85%D8%B3%D9%84%D9%85-%DA%A9%DB%92-%D8%AC%D9%86%D8%A7%D8%B2%DB%92-%D9%BE%D8%B1-%D8%A2%D9%BE%EF%B7%BA-%DA%A9%DB%92-%D8%B1%D9%88%D9%86%DB%92-%D9%88%D8%A7%D9%84%DB%8C-%D8%AD%D8%AF%DB%8C%D8%AB-%DA%A9%DB%8C-%D8%AA%D8%AD%D9%82%DB%8C%D9%82
”أللّٰهُمَّ إنِّيْ أعُوْذُبِكَ مِنَ الْبُؤُسِ وَالتَّبَاؤُسِ“ کیا یہ دعا احادیث میں یا مسنون دعاؤں میں سے ہے؟ تحقیق مطلوب ہے۔,سوال میں مذکور دعا علامہ طبرانیؒ نے ”مسند الشامین“ میں”مالک بن مرارة “کے توسط سے نقل کیا ہے۔,قرآن و حدیث,تحقیق و تخریج حدیث,47441,,https://www.onlinefatawa.com/view_fatwa_unicode/47441/%E2%80%9D%D8%A3%D9%84%D9%84%D9%91%D9%B0%D9%87%D9%8F%D9%85%D9%91%D9%8E-%D8%A5%D9%86%D9%91%D9%90%D9%8A%D9%92-%D8%A3%D8%B9%D9%8F%D9%88%D9%92%D8%B0%D9%8F%D8%A8%D9%90%D9%83%D9%8E-%D9%85%D9%90%D9%86%D9%8E-%D8%A7%D9%84%D9%92%D8%A8%D9%8F%D8%A4%D9%8F%D8%B3%D9%90-%D9%88%D9%8E%D8%A7%D9%84%D8%AA%D9%91%D9%8E%D8%A8%D9%8E%D8%A7%D8%A4%D9%8F%D8%B3%D9%90%E2%80%9C-%D8%AF%D8%B9%D8%A7-%DA%A9%D8%A7-%D8%AB%D8%A8%D9%88%D8%AA
"ایک صاحب نے ایک حدیث بیان کی، جس کا مفہوم ہے کہ’’ میت کو قبر میں دفن کرنے کے بعد اگر ایک مٹھی مٹی ہاتھ میں لے کر اس پر گیارہ مرتبہ سورۃ  القدر پڑھی جائے اور ہر بار بسم اللہ بھی ساتھ پڑھی جائے اور وہ مٹی قبر پر ڈال دی جائے تو اس سے مردے کو عذابِ قبر نہیں ہوگا‘‘،کیا ایسی کوئی حدیث ہے جو قابلِ عمل بھی ہو , سند  کے اعتبار سے؟ یہاں ایک مفتی صاحب نے اس کو موضوع اور من گھڑت کہا ہے، اس حدیث کا حوالہ درجِ ذیل ہے: کتاب کانام:""مختصرالقدوری"" (مصنف:الامام ابی الحسین احمدبن محمدبن احمدالبغدادی القدوری رحمہ اللہ)[مکتبۃ البشری]صفحہ =۱۸۸=حاشیہ(۶) قوله : ثم یھال التراب , و  فی((کتاب النودین)) : من اخذ من تراب القبر بیدہ ، و قرأ علیه سورة القدر سبعا ، و ترکه فی القبر لم یعذب صاحب القبر (الفتح و الجوھرۃ)-","سوال میں مذکور حدیث "" من اخذ من تراب القبر بيده ، ثم قرأ عليه سورة القدر سبعاً ، و تركه في القبر لم يعذب صاحب القبر "" حدیث کی کسی معتبر کتاب میں ہمیں نہیں ملی، اس لئے بغیر تحقیق کے اسے نبی کریمﷺ کی طرف منسوب کرکے بیان کرنادرست نہیں، جس سے احتراز لازم ہے۔",قرآن و حدیث,تحقیق و تخریج حدیث,48043,0000-00-00,https://www.onlinefatawa.com/view_fatwa_unicode/48043/%D9%82%D8%A8%D8%B1-%DA%A9%DB%8C-%D8%A7%DB%8C%DA%A9-%D9%85%D9%B9%DA%BE%DB%8C-%D9%85%D9%B9%DB%8C-%D9%BE%D8%B1-%D8%B3%D9%88%D8%B1%DB%83-%D8%A7%D9%84%D9%82%D8%AF%D8%B1-%D8%AF%D9%85-%DA%A9%D8%B1-%DA%A9%DB%92-%D9%82%D8%A8%D8%B1-%D9%85%DB%8C%DA%BA-%DA%88%D8%A7%D9%84%D9%86%DB%92-%D8%B3%DB%92-%D9%85%D8%AA%D8%B9%D9%84%D9%82-%D8%AD%D8%AF%DB%8C%D8%AB
السلام علیکم ورحمۃ اللہ وبرکاتہ! حضرت مجھے امید ہے کہ اللہ کے فضل و کرم سے آپ خیریت سے ہونگے ، کیا آپ اس بات کی تصدیق کر سکتے ہیں کہ آیا درج ذیل روایتیں مستند ہیں اور اور انکے متعلقہ ذرائع ؟ حضرت ابن عباس رضی اللہ عنہما نے فرمایا : قریش کا یہ معمول تھا کہ وہ (مسجد میں) حلقے بناتے تھے اور بیت اللہ کے اردگرد گفتگو کرتے تھے، حضرت عبداللہ بن مسعود رضی اللہ عنہ نے فرمایا: بعد کے زمانے میں جو لوگ مسجد میں حلقہ بنا کر بیٹھیں گے ان کا امام دنیا ہو گا ان کے ساتھ مت بیٹھو اللہ کو ان کی کوئی ضرورت نہیں۔,سوال میں ذکر کردہ پہلی روایت جو حضرت ابن عباس رضی اللہ عنہما کی طرف منسوب ہے وہ تو تلاش بسیار کے باوجود ہمیں نہ مل سکی ، البتہ حضرت ابن مسعود رضی اللہ عنہما کی‬ مذکورہ روایت ”نیل الاوطار“ میں موجود ہے لیکن یہ روایت سند کے اعتبار سے انتہائی ضعیف ہے۔,قرآن و حدیث,تحقیق و تخریج حدیث,48790,,https://www.onlinefatawa.com/view_fatwa_unicode/48790/%D9%85%D8%B3%D8%AC%D8%AF-%D9%85%DB%8C%DA%BA-%D8%AD%D9%84%D9%82%DB%81-%D8%A8%D9%86%D8%A7-%DA%A9%D8%B1-%D8%A8%DB%8C%D9%B9%DA%BE%D9%86%DB%92-%DA%A9%DB%8C-%D9%85%D9%85%D8%A7%D9%86%D8%B9%D8%AA-%D9%88%D8%A7%D9%84%DB%8C-%D8%AD%D8%AF%DB%8C%D8%AB-%DA%A9%DB%8C-%D8%AA%D8%AD%D9%82%DB%8C%D9%82
""" اے میرے صحابہ تم دین کے 10 فیصد کو چھوڑو گے تو اللہ کی پکڑ ہو گی بعد میں آنے والے دین کے 10 فیصد پر چلیں گے تو نجات ہوگی ؟ پوری حدیث کس طر ح ہے  ، اس حدیث کی سند بتادیں ، کتاب اور حدیث نمبر بھی بتادیں ۔",یہ حدیث ترمذی شریف میں موجود ہے، جس کو امام ترمذی نے غریب (ضعیف) کہا ہے ، اس کی سند اور حدیث نمبر درج ذیل ہے۔,قرآن و حدیث,تحقیق و تخریج حدیث,48851,2022-01-07,https://www.onlinefatawa.com/view_fatwa_unicode/48851/%D8%AF%D8%B3-%D9%81%DB%8C%D8%B5%D8%AF-%D8%AF%DB%8C%D9%86-%DA%86%DA%BE%D9%88%DA%91%D9%86%DB%92-%D8%B3%DB%92-%D9%85%D8%AA%D8%B9%D9%84%D9%82-%D8%AD%D8%AF%DB%8C%D8%AB-%DA%A9%DB%8C-%D8%AA%D8%AD%D9%82%DB%8C%D9%82-
سوال حضرت ابو بکر صدیق رضی اللہ عنہ کے واقعہ کے بارے میں ہے کہ انہوں نے ظہر و عصر و مغرب میں نماز  کے بعد حضور سے ملاقات نہیں کی تو حضور  نے انہیں بلاکر   نہ ملنے کی وجہ پوچھی ،تو آپ نے عرض کیا  آپ نے خود ہی فرمایا کہ (زرغبا تزدد حبا   ) و قفے سے ملا کرو محبت بڑھے گی ،حضرت ابوبکر صدیق کا مذکورہ واقعہ مطلوب ہے ؟کسی معتبر کتاب سے ۔,آپ علیہ السلام کا مذ کو رارشاد (زرغبا تزدد حبا   )  تو کتب احادیث میں کئی صحابہ رضوان اللہ علیہم اجمعین سے منقول ہے جہاں تک سوال میں مذکور حضرت صدیق اکبر رضی اللہ تعالی عنہ کے واقعے کا تعلق ہے تو تلاش بسیار کے باوجود ہمیں کسی مستند کتاب میں نہیں ملا،اس لئے جب تک اسکی مکمل تحقیق نہ ہو جائے اس وقت تک آگے بیان کرنے اور نقل کرنے سے احتراز کیا جائے۔,قرآن و حدیث,تحقیق و تخریج حدیث,48898,2022-01-12,https://www.onlinefatawa.com/view_fatwa_unicode/48898/%D8%AD%D8%B6%D8%B1%D8%AA-%D8%A7%D8%A8%D9%88%D8%A8%DA%A9%D8%B1-%D8%B5%D8%AF%DB%8C%D9%82-%DA%A9%DB%8C-%D8%AD%D8%B6%D9%88%D8%B1-%D8%B5%D9%84%DB%8C-%D8%A7%D9%84%D9%84%DB%81-%D8%B9%D9%84%DB%8C%DB%81-%D9%88%D8%B3%D9%84%D9%85-%D8%B3%DB%92-%D9%85%D9%84%D8%A7%D9%82%D8%A7%D8%AA-%DA%A9%DB%92-%D9%85%D8%AA%D8%B9%D9%84%D9%82-%D8%A7%DB%8C%DA%A9-%D9%88%D8%A7%D9%82%D8%B9%DB%81-%DA%A9%DB%8C-%D8%AA%D8%AD%D9%82%DB%8C%D9%82-
"""حاسبو ا انفسہ قبل ان تحاسبو ا ""کیا یہ حضرت محمد ﷺ کی حدیث ہے؟یا حضرت عمر رضی اللہ عنہ کا اثر ہے ؟کیا شیعہ لوگ اس حدیث کو مانتے ،اور کہتے ہیں کہ یہ ترمذی کی حدیث ہے ؟",یہ حضرت عمر رضی اللہ تعالی عنہ کا قول ہے، بعینہ انہی الفاظ کےساتھ آپ ﷺ  سے منقول کوئی حدیث ہمیں تلاش بسیار کے باوجود نہیں ملی ،البتہ ایک روایت جس سے حضرت عمر رضی اللہ تعالی عنہ کا یہ قول مستفاد ہے کتب حدیث میں موجود ہے۔ ( یہ روایت اور حضرت عمر رضی اللہ تعالی ان کا یہ قول ترمذی  شریف اور دیگر متعدد شروح و کتب حدیث میں بھی موجود ہے) جبکہ شیعہ مسلک کے پیروکاروں کے متعلق ہمیں معلوم نہیں ہے کہ وہ اس کو حدیث مانتے ہیں یا نہیں ۔,قرآن و حدیث,تحقیق و تخریج حدیث,50119,2022-03-27,https://www.onlinefatawa.com/view_fatwa_unicode/50119/
کیا خیال ہے آپ حضرات کا ان لوگوں کے بارے میں جو   یہ کہتے ہیں کہ حضرت فاطمہؓ کو غسل حضرت علیؓ نے دیا تھا،  تو  ان کا یہ کہنا کس حد تک درست ہے؟,ان لوگوں کا کہنا  بے اصل نہیں، اس لیے بعض روایات میں اس بات کی تصریح ملتی ہے، مگر عند الاحناف یہ روایات مؤّول ہیں، اس طور پر کہ غسل دینے کا کام تو حضرت اُم ایمن یا بعض روایات کے مطابق اسماء بنت عمیس نے انجام دیا تھا اور دیگر انتظامات میں خود حضرت علیؓ پیش پیش تھے۔,قرآن و حدیث,تحقیق و تخریج حدیث,58702,0000-00-00,https://www.onlinefatawa.com/view_fatwa_unicode/58702/%D8%AD%D8%B6%D8%B1%D8%AA-%D9%81%D8%A7%D8%B7%D9%85%DB%81-%DA%A9%DB%8C-%D9%85%DB%8C%D8%AA-%DA%A9%D9%88-%D8%AD%D8%B6%D8%B1%D8%AA-%D8%B9%D9%84%DB%8C%D8%93-%DA%A9%DB%92-%D8%BA%D8%B3%D9%84-%D8%AF%DB%8C%D9%86%DB%92-%D8%B3%DB%92-%D9%85%D8%AA%D8%B9%D9%84%D9%82-%D8%B1%D9%88%D8%A7%DB%8C%D8%AA-%DA%A9%DB%8C-%D8%AA%D8%AD%D9%82%DB%8C%D9%82
کیا فرماتےہیں علماءِ کرام و مفتیانِ عظام اس مسئلہ کے بارے میں کہ یہ جو واقعہ مشہور ہے کہ آپﷺ رات کو جس برتن میں پیشاب فرماتے تھے رات کو ایک خاتون نے اس کو پی لیا، بعد میں پتہ چلا تو آپﷺ نے فرمایا کہ آپ کی اولاد کو  کبھی  پیٹ کی تکلیف نہ ہوگی، یعنی دعا دی تو  کیا یہ  واقعہ سچا ہے اور اس کا ثبوت کس کتاب سے ہے؟,سوال میں مذکور ترتیب کے مطابق تو باوجود تلاش کے ایسی کوئی حدیث مبارکہ نہیں مل سکی، البتہ احادیث مبارکہ میں اُمِّ ایمن ( جو آپﷺ کی باندی تھی) کے متعلق ایک مرتبہ کا ذکر ملتا ہے، جس کی مکمل وضاحت درج ذیل ہے: حضرت ام ایمن رضی اللہ تعالیٰ فرماتی ہیں کہ ایک رات کسی وقت حضور اکرم صلی اللہ علیہ و سلم اٹھ کر کمرے میں ایک طرف پڑی ٹھیکری کے برتن کے پاس (جو آپﷺ کے لیے ہی بوقت ضرورت چھوٹے پیشاب سے فراغت کے واسطے تھا رکھا گیا تھا) تشریف لے گئے ،اس برتن میں آپ علیہ السلام نے پیشاب سے فراغت فرمائی، پھر میں اٹھی مجھے پیاس لگ رہی تھی، وہ پیشاب میں نے بے خیالی میں پی لیا اور محسوس بھی نہ ہوا کہ میں نے کیا چیز پی لی، جب صبح ہوئی تو آپﷺ نے فرمایا :کہ اے ام ایمن! ٹھیکری کو باہر جا کر انڈیل دو، میں نے عرض کیا وہ تو میں نے پی لیا ، فرماتی ہیں کہ آپﷺ بہت ہنسے اور پھر فرمایا کہ سُن لے اللہ کی قسم تجھے کبھی بھی پیٹ میں تکلیف نہ ہوگی۔واللہ أعلم بالصواب!,قرآن و حدیث,تحقیق و تخریج حدیث,58739,2004-01-02,https://www.onlinefatawa.com/view_fatwa_unicode/58739/%D8%AE%D8%A7%D8%AA%D9%88%D9%86-%DA%A9%D8%A7-%D8%AD%D8%B6%D9%88%D8%B1%D8%91--%DA%A9%DB%92-%D9%BE%DB%8C%D8%B4%D8%A7%D8%A8-%DA%A9%D9%88--%D9%BE%DB%8C-%D9%84%DB%8C%D9%86%D8%A7-%D8%A7%D9%88%D8%B1-%D8%AD%D8%B6%D9%88%D8%B1%D8%91-%DA%A9%D8%A7-%D8%A7%D8%B3%DB%92-%D8%AF%D8%B9%D8%A7-%D8%AF%DB%8C%D9%86%D8%A7
محترم جناب مفتی صاحب!  بخاری و مسلم شریف  وغیرہما جیسی  کتابوں کی  مستند احادیث پر مشتمل اردو میں لکھی ہوئی کوئی  صحیح حدیث کی کوئی کتاب ہو تو بتائیں۔,"اس سلسلہ میں ’’معارف الحدیث‘‘ مؤلفہ مولانا منظور احمد نعمانی رحمہ اللہ اور دیگر مختلف کتبِ حدیث کے معتمد ترجمے جیسے ’’مشکوٰۃ‘‘ کےلیے ""مظاہر حق"" اور ’’حیاۃ الصحابہ‘‘  کا اردو ترجمہ وغیرہ کتابوں کا پڑھنا ،سائل کے لیے یکساں مفید ثابت ہوگا۔واللہ أعلم بالصواب",قرآن و حدیث,تحقیق و تخریج حدیث,58815,2005-06-03,https://www.onlinefatawa.com/view_fatwa_unicode/58815/%D8%A7%D8%B1%D8%AF%D9%88-%D9%85%DB%8C%DA%BA-%D8%AD%D8%AF%DB%8C%D8%AB-%DA%A9%DB%8C-%D9%85%D8%B3%D8%AA%D9%86%D8%AF-%D9%88-%D9%85%D8%B9%D8%AA%D8%A8%D8%B1-%DA%A9%D8%AA%D8%A8
حضرت علی مرتضیٰ کرم اللہ وجہہ نے فرمایا کہ خدا کی قسم میں نے خیبر کا دروازہ جسمانی قوت سے نہیں اُکھاڑا، بلکہ ربّانی قوت سے اُکھاڑا تھا، آگے اور تفصیل بھی ہے۔ پوچھنا یہ ہے کہ کیا یہ حضرت علی رضی اللہ عنہ کی بابت امام فخر الدین رازی کے حوالے سے بیان کرنا چاہیے،اس واقعہ کی سند بیان کیجیے۔,جی ہاں! امام فخر الدین رازی رحمہ اللہ کے قابلِ اعتماد اور ثقہ ہونے کی وجہ سے یہ واقعہ ان کی سند سے بیان کیا جا سکتا ہے۔,قرآن و حدیث,تحقیق و تخریج حدیث,58872,2009-11-23,https://www.onlinefatawa.com/view_fatwa_unicode/58872/%D8%AD%D8%B6%D8%B1%D8%AA-%D8%B9%D9%84%DB%8C-%DA%A9%D8%B1%D9%85-%D8%A7%D9%84%D9%84%DB%81-%D9%88%D8%AC%DB%81%DB%81-%DA%A9%DB%92-%D8%A8%D8%A7%D8%A8-%D8%AE%DB%8C%D8%A8%D8%B1-%D8%A7%DA%A9%DA%BE%D8%A7%DA%91%D9%86%DB%92-%D9%88%D8%A7%D9%84%DB%8C-%D8%B1%D9%88%D8%A7%DB%8C%D8%AA-%DA%A9%DB%8C-%D8%B3%D9%86%D8%AF
کیا فرماتے ہیں علمائے کرام اس مسئلہ کے بارے میں کہ میں جاننا چاہتا ہوں دو حدیثوں کے بارے میں کہ آیا وہ صحیح ہیں یا ضعیف:(۱) عمر  ابن ہارون نے اسامہ ابن زید سے اور عمرو  ابن شعیب اپنے والد سے دادا سے روایت کرتے ہیں کہ رسولِ خدا ﷺ اپنی داڑھی کو ترشواتے یا تراشتے تھے دونوں اطراف سے اور لمبائی سے۔ (سنن الترمذی جلد ۵، قاہرہ، جدید ایڈیشن، دوبارہ چھاپا گیا بیروت سے دار الہا التوراث العرامی،   جدیدایڈیشن:۵:۹۴:۲۷۶۲)- میں نے آخری راوی عمر ابن ہارون کے بارے میں سنا اور اس کی حدیث کے بارے میں زیادہ تر علماء حدیث متفق ہیں  کہ وہ بہت ہی ضعیف ہیں (متروک ہیں)۔ مہربانی فرماکر مجھے بتائیں کہ کیا یہ صحیح ہے اور یہ کہاں کہا گیا ہے؟ (۲) حضرت عائشہؓ کا کہنا ہے کہ اسماء، حضرت ابوبکرؓ کی بیٹی اللہ کے رسولﷺ کے پاس آئیں بہت ہی باریک لباس پہنے ہوئے، رسول ﷺ نے ان سے کہا ’’اے  اسماء ! جب ایک لڑکی اس عمر کو پہنچتی ہے کہ اس کو  ماہواری آنے لگے تو یہ بہتر نہیں کہ اس کے جسم کا کوئی حصہ بھی کھلا ہو ، نہ  صرف اس کے اور اس کے، رسول ﷺ نے ہاتھ اور منہ کی طرف اشارہ کیا، میں نے بہت سے علماءِ حدیث سے سنا ہے کہ یہ حدیث ضعیف ہے اس کو موقوف کردیا گیا ہے، مہربانی فرماکر مجھے دونوں کے بارے میں بتائیں ثبوت کے ساتھ بحوالہ کتاب اور صفحات کے۔ شکریہ,"(۱) یہ حدیث اگرچہ سنداً عمرو بن ہارون کی وجہ سے غریب ہے مگر افعالِ صحابہ سے مؤید ہونے کی بناء پر اس کی غرابت دور ہوجاتی ہے، جس کی وجہ سے یہ قابلِ استدلال ہے۔ (۲) مذکور حدیث"" مرسل صحیح ""ہے اور حدیثِ مرسل عند الائمہ قابل استدلال ہوتی ہے۔",قرآن و حدیث,تحقیق و تخریج حدیث,58899,1997-02-02,https://www.onlinefatawa.com/view_fatwa_unicode/58899/%D8%AF%D8%A7%DA%91%DA%BE%DB%8C-%D8%AA%D8%B1%D8%A7%D8%B4%D9%86%DB%92-%D8%B3%DB%92-%D9%85%D8%AA%D8%B9%D9%84%D9%82-%D8%AD%D8%AF%DB%8C%D8%AB-%DA%A9%DB%8C-%D8%B3%D9%86%D8%AF
کیا فرماتے ہیں علماءِ کرام ان مسائل کے بارے میں کہ درجِ  ذیل احادیث کی فقہی تفسیر کیا ہے؟ (۱) معاذ بن جبل ؓسے روایت ہے کہ: ’’ہم جنگِ تبوک کے لئے حضور ﷺ کے ساتھ روانہ ہوئے شام کیا کہ آپ نے دوپہر اور بعد از دوپہر کی نمازیں ایک ساتھ ادا کیں اور مغرب اور عشاء ایک ساتھ ادا کیں‘‘۔ (ابو داؤد: ۱۷۰)- (۲) ابو سعید الخدریؓ سے روایت ہے کہ : ’’لوگوں نے پیغمبرِ خدا ﷺ سے پوچھا کہ ہم بدھا کے کنواں سے وضو کرسکتے ہیں اسی کنواں میں گندے کپڑے مرے ہوئے کتے اور بدبودار چیزیں پھینکی جاتی ہیں، آپ نے فرمایا پانی پاک ہے، یہ کسی چیز سے نجس نہیں ہوتا‘‘۔ (ابو داؤد: ص۹)- (۳) ابوموسیٰ اشعریؓ سے روایت ہے کہ: ’’نگین نجاشی نے حضور ﷺ کو دو کالے اور سادہ موزے پیش کئے انہوں نے وہ پہنے وضو کیا اور ان پر مسح کیا‘‘۔ (ابو داؤد: ص۲۱)- (۴) المغیرہ بن شعبہؓ سے روایت ہے کہ: ’’میں پانی ڈال رہا تھا اور حضور ﷺ وضو فرمارہے تھے تبوک کی جنگ کے موقع پر، آپ نے موزوں کے اوپر اور نیچے مسح کیا‘‘۔ (ابو داؤد: ۲۲)- (۵) حضرت عبد اللہ بن عمرؓ سے روایت ہے کہ: ’’شروع میں پچاس نمازیں تھیں، غسل کو سات بار واش کرنا ضروری تھا، اور پیشاب کے کپڑے کو سات بار پاک کرنا ضروری تھا اللہ تعالیٰ پیغمبر عبادت کرتے رہے اور نمازیں پانچ تک کم کردی گئیں، غسل میں ایک بار اور پیشاب کے کپڑوں کو بھی ایک بار دھونا قرار دیا گیا‘‘۔ (ابو داؤد: ص۳۳)- (۶) حضرت علیؓ بن ابی طالب سے روایت ہے کہ: ’’بچی (لڑکی) کا پیشاب دھونا چاہئے اور بچہ (لڑکا) کا پیشاب جھٹکنا چاہئے جب تک بچہ کھانے لگ جائے۔ (ابو داؤد: ص۵۴)-,"(۱)- قرآن کریم کی صریح آیات جو قطعی الثبوت والدلالۃ  ہیں ان میں ہر نماز کو اپنے اپنے وقت مقررہ پر پڑھنے کا حکم اور ترغیب دی گئی ہے (جیسا کہ ذیل میں آیاتِ کریمہ بھی ذکر کردی گئی ہیں) ان آیات کے مقابلے میں ان احادیث (اخبار آحاد) پر عمل کرنا (جو قطعی الثبوت نہ ہونے کے ساتھ ان میں توجیہ بھی ممکن ہے) اصولِ حدیث کے خلاف ہے نیز جمع بین الصلوٰتین کے وہ تمام واقعات جو نبی کریم ﷺ سے منقول ہیں اُن میں جمع حقیقی مراد نہیں بلکہ جمع صوری مراد ہے جیسا کہ امام اعظم ابو حنیفہؒ کا مسلک ہے کہ جمع بین الصلوٰتین حقیقی صرف عرفات اور مزدلفہ میں مشروع ہے اس کے علاوہ کہیں جائز نہیں، خواہ عذر ہو یا نہ ہو، البتہ جمع صوری جائز ہے اس طور پر کہ ظہر کی نماز بالکل آخر وقت میں اور عصر کی نماز بالکل شروع وقت میں ادا کی جائے، اس طرح دونوں نمازیں در حقیقت اپنے اپنے وقت میں ہی ادا  ہوں گی ہاں ایک ساتھ ہونے کی وجہ سے صورۃً جمع بین الصلوٰتین کہہ دیا گیا ہے، جیسا کہ امام بخاریؒ نے اپنی کتاب بخاری جلد اوّل کے صفحہ ۲۲۸ پر ""کتاب المناسک باب متیٰ یصلی الفجر بجمع ""(ای بمزدلفۃ) کے تحت حضرت عبد اللہ بن عمر رضی اللہ عنہما کی ایک روایت بیان کی ہے کہ میں نے دیکھا کہ جب آپ ﷺ کو کسی سفر میں جلدی جانے کا ارادہ ہوتا تو مغرب کی نماز مؤخر فرمادیتے یہاں تک کہ مغرب اور عشاء کو جمع کردیتے، اسی طرح حضرت سالم فرماتے ہیں کہ حضرت عبد اللہ ابن عمرؓ کو بھی جب کبھی سفر میں جلدی جانا ہوتا تو نمازِ مغرب سے فارغ ہونے کے بعد کچھ دیر انتظار فرماتے تھے اور اس کے بعد نمازِ عشاء پڑھتے تھے، خود حافظ ابن حجرؓ نے بھی اپنی کتاب ""فتح الباری شرح بخاری ""کی جلد ۲ صفحہ ۴۶۵؍ پر اس حدیث کے تحت فرمایا ہے کہ اس سے مراد جمع صوری ہی ہوسکتی ہے۔ لہٰذا سوال میں مذکور حدیث کی بناء پر جمع حقیقی مراد لے کر دو نمازوں کو ایک وقت میں پڑھنا درست نہیں اس سے احتراز چاہئے۔ (۱) آیت کریمہ: ان الصلوٰۃ کانت علی المؤمنین کتاب موقوتا۔ ترجمہ: بے شک نماز مسلمانوں پر فرض ہے اپنے مقررہ  وقتوں پر۔ (سورۂ نساء آیت نمبر ۱۰۳) (۲) فویل للمصلین الذین ہم عن صلوٰتہم ساہون۔ ترجمہ: پھر خرابی ہے ان نمازیوں کی جو اپنی نماز سے بے خبر ہیں۔ (سورۂ ماعون آیت نمبر ۴) (۳) حافظوا علی الصلوٰت والصلوٰۃ والسطٰی۔ ترجمہ: محافظت کرو سب نمازوں کی اور درمیان والی نماز کی۔ (سورۂ بقرہ آیت نمبر ۲۳۸) (۴) عن نافع و عبد اﷲ بن واقد اَن مؤذن ابن عمر قال الصلوٰۃ قال سِرسرِ حتٰی اذا کان قبل غیوب الشفق نزل فصلی المغرب ثم انتظر حتیٰ غاب الشفق فصلی العشاء ثم قال إن رسول اﷲ ﷺ کان اذا عجل بہ امر ضع مثل الذی ضعت فسار فی ذالک الیوم واللیلۃ مسیرۃ ثلاثٍ۔ اھـ ترجمہ: حضرت نافع اور عبد اللہ ابن واقد سے روایت ہے کہ ابن عمرؓ کے مؤذن نے کہا کہ نماز کا وقت ہے تو ابن عمرؓ نے فرمایا کہ چلو ،چلو ،یہاں تک کہ غیوبِ شفق سے پہلے اتر گئے اور مغرب کی نماز پڑھی پھر تھوڑی دیر تک انتظار کیا یہاں کہ تک کہ شفق غائب ہوگیا پھر عشاء کی نماز پڑھی پھر فرمایا کہ آپ ﷺ کو جب کسی کام میں جلدی ہوتی تو اس طرح کرتے جیسے میں نے کیا تو اس دن رات میں تین دن رات کا سفر کیا۔ (ابو داؤد: ج۱، ص۱۷۱)- (۵) قال ابن عباسؓ قال صلیتُ مع النبی ﷺ ثمانیًا جمیعًا وسبعًا جمیعا قلت یا ابا الشعثآء اظنہ اخر الظہر وعجل العصر واخر المغرب وعجل العشاء قال وانا اظن ذالک۔ اھـ ترجمہ: ابن عباسؓ سے روایت ہے فرماتے ہیں کہ میں نے آپ ﷺ کے ساتھ نماز پڑھی آٹھ رکعت ایک ساتھ اور سات رکعت ایک ساتھ، میں نے کہا اے ابا الشعثآء میں اس کو گمان کرتا ہوں کہ ظہر کو مؤخر کیا ہوگا اور عصر میں جلدی کی ہوگی اور مغرب کو مؤخر کیا ہوگا اور عشاء میں جلدی کی ہوگی، ابن عباسؓ نے فرمایا کہ میں بھی یہ گمان کرتا ہوں۔ (ج۱، ص۲۴۶)- …(۲)… اس حدیث مبارکہ ’’الماء طہور لا ینجسہ شیء‘‘ یعنی پانی پاک ہے اسے کوئی چیز ناپاک نہیں کرسکتی، اس میں ’’الماء‘‘ کے لفظ پر ’’الف لام‘‘ عہد خارج کا ہے اس سے مراد خاص بیر بضاعہ کا پانی ہے اور ’’لا ینجسہ شیء‘‘ کا مطلب ’’لا ینجسہ شیء مما تتوہمون‘‘ ہے یعنی صحابہ کرامؓ نے جب بیر بضاعہ کے بارے میں رسول اللہ ﷺ سے پوچھا کہ کیا ان کنویں کا پانی پاک ہے؟ کہ یہ کنواں نشیبی زمین میں واقع ہے ا ور اس کے چاروں طرف آبادی ہے تو آبادی کی نجاستیں اور حیض و نفاس وغیرہ کے گندے کپڑے وغیرہ جو ہر طرف پڑے رہتے ہیں وہ ہوا سے اُڑ کر یا بارش کے پانی سے بہہ کر اسی کنویں میں گرتے ہیں چنانچہ ان خیالات کے بناء پر صحابہ کرام کو اس کے ناپاک ہونے کا وہم پیدا ہوگیا مگر یہ خیالات محض وساوس اور اوہام تھے اور مشاہدہ پر مبنی نہیں تھے، اس لئے آپ ﷺ نے ان وسوسوں کو ختم کرنے کیلئے علیٰ اسلوبِ الحکیم جواب ارشاد فرمایا ’’إن الماء طہور لا ینجسہ شیء‘‘۔ اور بعض دیگر حضرات نے یہ توجیہ بیان کی ہے کہ زمانۂ جاہلیت  میں اس کنویں میں گندگیاں اور غلاظتیں وغیرہ ڈالی جاتی تھیں اگرچہ اسلام کے بعد یہ سلسلہ ختم ہوگیا ہے مگر دل میں شک و شبہ باقی تھا کہ اس کی دیواروں پر نجاست کے اثرات باقی ہوں گے اس پر صحابہ کرامؓ نے سوال کیا اور آپ نے مذکورہ بالا ارشاد کے ذریعہ اس کے وہم اور شک کو دور فرمادیا چنانچہ حضراتِ محدثین نے اس کے علاوہ اور بھی اس حدیث کی توجیہات بیان فرمائی ہیں۔ لہٰذا آپ ﷺ کے اس فرمان کی وجہ سے ہر قسم کے پانی پر (خواہ وہ تھوڑا ہو یا زیادہ اور اس کا رنگ، بو اور مزہ تبدیل ہوچکا ہو یا نہ) یہ حکم لگانا  کہ یہ پاک ہے، اس کو کوئی چیز ناپاک نہیں کرسکتی احادیثِ صحیحہ صریحہ کی روشنی میں قطعاً درست نہیں، جیسے ترمذی کے باب کراہیۃ البول فی الماءِ الراکد کے تحت حضرت ابوہریرہؓ کی حدیث: (۱) لا یبولن احدکم فی الماء الدائم ثم یتوضاء منہ۔ اھـ ترجمہ: فرماتے ہیں کہ حضور اکرم ﷺ نے فرمایا تم میں سے کوئی کھڑے پانی میں پیشاب نہ کرے (یہ کتنی عجیب  بات ہے) کہ پھر اس سے وضو بھی کرے گا۔ (ترمذی: ج۱، ص۲۱)- (۲) عن ابی ہریرۃؓ عن النبی ﷺ قال اذا ستیفظ احدکم من اللیل فلا یُدخِل یدہ فی الاناءِحتٰی یفرغ علیہا مرتین أو ثلٰثا فانہ لا یدری این باتت یدہ۔ اھـ ترجمہ: ابوہریرہؓ کی روایت ہے کہتے ہیں کہ رسول اللہ ﷺ نے فرمایا کہ جب تم میں سے کوئی رات کو اُٹھے تو اپنے ہاتھ برتن میں نہ ڈالے یہاں کہ اس پر دو یا تین دفعہ پانی نہ بہائے، کیونکہ اس کو معلوم نہیں کہ اس کے ہاتھ نے رات کہاں گزاری۔ (ترمذی: ج۱، ص۱۳)- (۳) مسلم شریف باب حکم ولوغ الکلب کے تحت حدیث ولوغ الکلب وغیرہ جیسی احادیث اس پر شاہد ہیں۔ …(۳)… اس سوال میں ابو موسیٰ اشعریؓ کی روایت سے آپ کیا ثابت کرنا چاہتے ہیں یا کیا پوچھنا چاہتے ہیں یا اپنے کس دعویٰ پر بطورِ استشہاد  پیش کررہے ہیں؟ براہِ کرم اس کی وضاحت فرماکر دوبارہ اس کا حکم معلوم کرلیا جائے۔ …(۴)… حضرت مغیرہ بن شعبہؓ کی اس روایت سے موزوں کے دونوں جانب (یعنی اوپر نیچے کی طرف) مسح کرنے کو ثابت کرنا درست نہیں ایک تو اس وجہ سے کہ حضراتِ محدثین نے اس حدیث کو بعض وجوہ کی بناء پر معلول قرار دیا ہے مثلاً  ۱۔  یہ کہ امام ترمذیؒ نے اپنی کتاب ترمذی میں جب یہ حدیث بیان کی ہے تو اس کے معلول ہونے کی علت اس طرح بیان فرمائی ہے کہ ’’یہی روایت عبد اللہ بن مبارک‘‘ نے بھی ثور بن یزید سے نقل  کی ہے اس میں سند ’’کاتب المغیرہ‘‘ پر ختم ہوگئی ہے اور حضرت مغیرہ بن شعبہ کا کوئی ذکر نہیں گویا عبد اللہ بن مبارک کی سند میں یہ حدیث مسندات المغیرہ میں سے نہیں بلکہ کاتب المغیرہ کی مرسل ہے ولید ابن مسلم کو وہم ہوا  اور انہوں نے اسے موصولاً روایت کردیا اسی بناء پر امام ترمذی لم یسندہ عن ثور بن یزید غیر الولید بن مسلم فرماتے ہیں۔  ۲۔  اور امام ابو داؤد نے اس حدیث کو روایت کرنے کے بعد اس کے معلول ہونے کی یہ علت بیان فرمائی ہے کہ ثور بن یزید نے یہ حدیث رجاء بن حیوٰۃ سے نہیں سنی، گویا یہ حدیث منقطع ہے، اسی طرح بعض دیگر محدثین کرام نے بھی اس حدیث کے معلول ہونے کی علتیں اور وجوہات بیان فرمائی ہیں۔ اس تفصیل کے بعد واضح ہو کہ موزوں کے اوپر کے حصہ پر مسح کرنا ضروری ہے ان کے نیچے کا مسح کرنا مشروع نہیں جیسا کہ امام ترمذیؒ نے اپنی کتاب کے ""باب فی المسح علی الخفین ظاہرہما ""کے تحت حضرت مغیرہ بن شعبہ ہی کی روایت نقل کی ہے، جس کا ترجمہ یہ ہے کہ حضرت مغیرہ بن شعبہ فرماتے ہیں کہ میں نے رسول اللہ ﷺ کو موزوں کے ظاہر پر مسح کرتے ہوئے دیکھا، اس حدیث پر امام ترمذی نے فرمایا کہ یہ حدیث حسن ہے، نیز یہی حدیث امام بخاریؒ نے تاریخِ کبیر میں عن عروۃ عن المغیرہ کے طریق سے روایت کی ہے اور اسے صحیح قرار دیا ہے، اسی طرح امام ابو داؤد نے اپنی معروف کتاب سننِ ابی داؤد میں"" اسناد حسن"" کے ساتھ حضرت علیؓ کا یہ ارشاد نقل کیا ہے: عن علیؓ قال لو کان الدین بالرای لکان اسفل الخف اولی بالمسح من أعلاہ وقد رأیت رسول اﷲ ﷺ یمسح علٰی ظاہر خفیہ وکذا فی بلوغ المرام وفی التلخیص۔ (ج۱، ص۵۹)- ترجمہ: حضرت علیؓ سے روایت ہے فرماتے ہیں اگر دین رائے سے ہوتا تو موزے کا نیچے والا حصہ زیادہ مناسب تھا مسح کیلئے موزے کے اوپر والے حصے سے اور تحقیق میں نے رسول اللہ ﷺ کو دیکھا کہ موزوں کے اوپر والے حصے پر مسح فرماتے تھے۔ چنانچہ اس طرح بعض دوسری  احادیث سے بھی آپ ﷺ سے موزوں کے ظاہر پر مسح کرنا ثابت ہے، لہٰذا صرف حدیثِ مذکور کی بناء پر  موزوں کے دونوں جانب مسح کرنے کا جواز ثابت کرنا یا اسے لازم اور ضروری قرار دینا احادیثِ صحیحہ صریحہ کی روشنی میں درست نہیں، جیسا کہ تفصیل بالا سے اس کی وضاحت ہوگئی ہے۔ (۵) اس حدیث پاک کے بیان کرنے سے بظاہر ہر سائل یہ بتانا چاہتا ہے کہ ناپاک برتن اور ناپاک کپڑوں وغیرہ کو پاک کرنے کیلئے صرف ایک مرتبہ دھونا ہی کافی ہے تین یا اس سے زیادہ مرتبہ دھونا ضروری نہیں، حالانکہ اس کا یہ خیال درست نہیں اس لئے کہ نجاست دو طرح کی ہوتی ہے، ایک مرئیہ (یعنی وہ جو خشک ہونے پر دیکھنے میں نظر آئے) اور دوسری غیر مرئیہ (یعنی وہ جو دیکھنے میں نظر نہ آئے) نجاستِ مرئیہ میں ناپاک برتن اور کپڑے وغیرہ کی پاکیزگی اس وقت تک حاصل نہیں ہوسکتی جب تک نجاست کی عین یعنی ذات اس شئی پر لگی ہوئی ہو، پھر اس کا ازالہ جتنی مرتبہ دھونے سے ہو اتنی مرتبہ دھونا ضروری ہے، البتہ نجاست غیر مرئیہ میں خواہ نجاست کا یقین ہو جیسے کتا کسی برتن کو چاٹ لے تو اسے تین مرتبہ دھوکر پاک کرنے کے بارے میں فرمایا گیا ہے، اسی طرح اگر نجاست کا یقین نہ ہو بلکہ محض احتمال ہو جیسے سونے کی حالت میں ہاتھوں کے نجس ہوجانے کے احتمال پر بھی اِنہیں تین مرتبہ دھونے کا حکم دیا گیا ہے پھر  اس معاملہ میں مبتلیٰ بہ کی رائے کا اعتبار ہے کہ اُسے جتنی مرتبہ دھونے سے طہارت کا ظنِ غالب یا یقین ہوجائے تو اتنی مرتبہ دھونا ضروری ہے خواہ وہ ایک مرتبہ ہی کیوں نہ ہو، مگر عام طور پر تین مرتبہ دھونے سے ظنِ غالب حاصل ہوجاتا ہے اس لئے احناف رحمہم اللہ نے ایسی ناپاک اشیاء کو تین مرتبہ دھونے کا حکم دیا ہے۔ (۶) جاننا چاہئے کہ پیشاب کسی چھوٹے دودھ پیتے بچے، بچی کا ہو یا کسی نوجوان اور بوڑھے کا  ہو  اسے نجس قرار دیا  گیا ہے اور احادیث میں اس سے بچنے کی بڑی تاکید کی گئی ہے اور اس میں کسی خاص نوع کے افراد کے پیشاب کی تخصیص نہیں کی گئی اور پھر بعض احادیث میں ’’صب علیہ الماء‘‘ اور ’’اتبعہ الماء‘‘ کے الفاظ بھی وارد ہوئے ہیں جو غسل یعنی دھونے پر صریح بھی ہیں جیسے آثار السنن جلد اوّل کے ص۱۷؍ پر حضرت عائشہ رضی اللہ عنہا کی حدیث ہے جس کا ترجمہ یہ ہے کہ ’’آپ ﷺ کے پاس چھوٹے بچے لاۓ جاتے تھے پس ایک مرتبہ ایک بچہ لایا گیا جس نے آپ ﷺ پر پیشاب کردیا، تو آپ ﷺ نے فرمایا اس پر پانی بہادو‘‘ اس حدیث مبارک میں آپ ﷺ نے بچہ کے پیشاب کے بعد اس پر پانی بہانے اور دھونے کا حکم فرمایا، نیز جن احادیث مبارکہ میں بچے کے پیشاب کے ساتھ لفظ ’’رَش اور نضح‘‘ بمعنی چھینٹے مارنا وارد ہوا ہے اُن کے بھی ایسے معنیٰ مراد لئے جاسکتے ہیں جو دوسری روایات کے مطابق ہیں اور وہ معنیٰ ""غسلِ خفیف"" ہے کہ ان دونوں لفظوں کے یہ معنیٰ بھی متعارف ہیں چنانچہ خود امام شافعیؒ نے بھی کئی ایک احادیث میں لفظ ’’رش اور نضح‘‘ سے دھونا مراد لیا ہے، اسی طرح امام مسلمؒ نے لڑکے کے پیشاب کی تطہیر کے سلسلہ میں اپنی کتاب صحیح مسلم میں ’’النفح، الرش، الصب اور اتباع الماء‘‘ چار قسم کے الفاظ استعمال فرمائے ہیں اور ان سب روایات پر عمل غسل یعنی دھونے کی صورت میں ہی ممکن ہوسکتا ہے، لہٰذا  لڑکی اور لڑکے کے پیشاب سے پاکی حاصل کرنے کیلئے دھونا ہی ضروری ہے، ان میں کوئی فرق نہیں اور چھینٹے مارنے سے گندگی مزید بڑھے گی کم نہیں ہوگی لہٰذا چھینٹے مارنے سے احتراز کرنا چاہئے پھر احادیثِ مبارکہ میں ان دونوں کے پیشاب کے حکم کو الگ الگ بیان کرنے کی یہ وجہ ہے کہ بچی کا پیشاب بمقابلہ بچے کے پیشاب کے غلیظ اور زیادہ  بدبودار ہوتا ہے البتہ غذا کے استعمال سے بچے کے پیشاب میں بھی غلظت ہوجاتی ہے اس کے بعد یعنی دودھ چھڑانے کے زمانہ کے بعد ان میں کوئی فرق نہیں رہتا۔  واﷲ اعلم وعلمہ اتم!",قرآن و حدیث,تحقیق و تخریج حدیث,58902,1995-02-02,https://www.onlinefatawa.com/view_fatwa_unicode/58902/%D9%85%D8%AE%D8%AA%D9%84%D9%81-%D8%A7%D8%AD%D8%A7%D8%AF%DB%8C%D8%AB-%DA%A9%DB%8C-%D9%81%D9%82%DB%81%DB%8C-%D8%AA%D8%B4%D8%B1%DB%8C%D8%AD
کیا فرماتے ہیں علماءِ کرام اس مسئلہ کے بارے میں کہ مجھے عیسائی جماعت کے کئے ہوئے اعتراض کے جواب دینے میں آپ کی مدد کی ضرورت ہے،محمد ﷺ نے لکھا کیونکہ قرآنِ کریم آج تک سو فیصد محفوظ ہے اس لئے آج کی جدید عربی بھی وہ پرانی اور صحیح عربی کے طرز پر بولی جاتی ہے صرف و نحو کے اعتبار سے،میں آپ سے عرض کرنا چاہتا ہوں کہ جس طرح مسلمانوں کا خیال ہے کہ قرآن سو فیصد محفوظ ہے یہ درست نہیں ہے مجھے یقین ہے کہ آپ کو مندرجہ ذیل حدیثوں کا علم ضرور ہوگا جو میرے اس دعویٰ پر شاہد ہیں: (۱) بخاری شریف میں حضرت زیدؓ ذکر کرتے ہیں کہ قرآن کی دو مفقود آیتوں کو تلاش کررہا ہوں۔ (۲) بخاری شریف میں اسی طرح ایک اور روایت ہے (۳) بخاری شریف میں ہے کہ یہ آیت بھی مفقود ہے جس میں ہے کہ : ’’آپ لوگوں کو ہمارے طرف سے پیغام پہنچادیں کہ ہم نے اپنے رب سے ملاقات کی اور وہ ہم سے خوش ہے اور ہم کو بھی راضی کیا‘‘۔ (۴) مؤطا میں ہے کہ حضرت عائشہؓ نے کاتب سے ایک آیت کا اضافہ کروایا کیونکہ ان کو حضور ﷺ کا اسی طرح پڑھنا یاد تھا۔ اعتراض: سو فیصد محفوظ ہے……؟ میں سمجھتا ہوں کہ آپ اس میں ……میں پھنس گئے ہیں۔,قرآنِ کریم بلاشبہ سوفیصد محفوظ ہے اور قیامت تک ربِّ ذوالجلال نے اس کی حفاظت کا ذمہ لیا ہے، لہٰذا قرآنِ کریم کی حفاظت پر شبہ کرنا، بلاشبہ ناجائز اور کفر ہے۔ اس کے بعد واضح ہوکہ صورتِ مسئولہ میں سائل نے قرآنِ کریم پر اعتراض کرنے کیلئے جن کتابوں کا نام لیا ہے اور بطورِ دلیل چند احادیث کا حوالہ بھی پیش کیا ہے، اس میں انتہائی درجہ خیانت اور بد دیانتی کا مظاہرہ کیا ہے، ہمیں یقین ہے کہ اگر وہ مذکور کتابوں کی پوری، پوری عبارتوں کو پڑھتے اور سیاق و سباق کو بھی دیکھتے تو  اسے سوال کرنے اور پھر اس کے بعد جواب کا انتظار کرنے کی تکلیف نہ اُٹھانی پڑتی، چنانچہ وہ احادیثِ مبارکہ مکمل طور پر ذیل میں نقل کی جارہی ہیں: (۱) حضرت زید بن ثابت کے بیٹے خارجہ بن زید بن ثابت (قرآنِ کریم جمع کرنے کی ابتدائی حالت بیان کرتے ہوئے فرماتے ہیں) کہ انہوں نے زید بن ثابت سے سنا، فرمایا! مصحف میں نقل کرتے وقت میں نے ’’سورۂ احزاب کی ایک آیت (لکھی ہوئی) نہیں پائی جو میں رسول اللہ ﷺ کو پڑھتے ہوئے سنا کرتا تھا، پس ہم نے اسے تلاش کیا تو حضرت خزیمہ بن ثابت انصاریؓ کے (جن کے اکیلے گواہی کو نبی کریم ﷺ نے دو آدمیوں کے برابر قرار دیا تھا ) پاس پائی (وہ آیت یہ تھی) ’’من المؤمنین رجالٌ صدقوا ما عاہدوا اللہ علیہ‘‘  تو ہم نے اسے اس کی سورۃ میں ملاکر مصحف میں لکھا دیا۔ (بخاری: ج۲، ص۷۴۶)- (۲) ابن سباق کہتے ہیں کہ حضرت زید بن ثابتؓ نے فرمایا کہ میری طرف ابوبکر صدیقؓ نے  پیغام بھیجا اور فرمایا کہ آپ رسول اللہ ﷺ کیلئے وحی لکھا کرتے تھے، لہٰذا آپ (مختلف لوگوں  سے جن کے پاس جتنا حصہ ہو) تلاش کرکے (جمع کریں) تو میں نے تلاش کرنا شروع کردیا یہاں تک کہ سورۂ توبہ کی آخری دو آیتیں میں نے ابو خزیمہ انصاری کے پاس پائی، جو ان کے علاوہ میں نے کسی اور کے پاس (لکھی ہوئی) نہیں پائی، وہ آیتیں ’’لقد جائکم رسول من انفسکم عزیز علیہ ما عنتم‘‘ آخر تک ہیں۔ (بخاری: ج۲، ص۷۴۶)- (۳)حضرت انسؓ سے روایت ہے کہ نبی کریم ﷺ نے ’’بنی سلیم‘‘ کے چند لوگ ’’بنی عامر‘‘ کی طرف بھیجے جو ستر (۷۰) آدمی تھے جب وہ (بنو عامر کے پاس گئے) تو ان کو میرے ماموں نے کہا کہ میں تم سے پہلے جاتا ہوں، اگر انہوں نے مجھے امان دی تو ان کو رسول اللہ ﷺ کا پیغام پہنچادوں گا اور اگر انہوں نے امان نہیں دی (بلکہ مخالفت پر اُتر آئے) تو (حمایت کیلئے) تم میرے قریب ہو ہی، چنانچہ انہوں نے ا ن کو  امان دے دی، تو درمیان کلام جب وہ ان کو نبی کریم ﷺ کی بات سنارہے تھے، اچانک انہوں نے اپنے میں سے ایک آدمی کو اشارہ کیا، تو اس نے (میرے ماموں) کو نیزہ مارا جو ان کے پار ہوگیا، تو فرمایا ’’اللہ اکبر‘‘ رب کعبہ کی قسم میں تو کامیاب ہوگیا، پھر وہ (قوم والے) دوسرے صحابہ کی طرف مائل ہوئے اور ان کوقتل کیا، مگر ایک لنگڑا آدمی پہاڑ پر چڑھ گیا، حدیث کے راوی ہمام کہتے ہیں میرے خیال میں ان کے ساتھ (کوئی) دوسرا (بھی) تھا تو جبرئیل علیہ السلام نے نبی کریم ﷺ کو خبر دی کہ ’’تحقیق وہ اپنے رب سے مل گئے وہ ان سے خوش ہوگئے اور ان کو راضی کیا، پس ہم پڑھتے تھے کہ ’’آپ ہماری قوم کو پیغام پہنچادیں کہ ہم نے اپنے رب سے ملاقات کی وہ ہم سے خوش ہوئے اور ہمیں بھی خوش کیا‘‘ پھر اس کے بعد یہ آیت منسوخ ہوگئی۔ (بخاری: ج۱، ص۳۹۳)- (۴) جہاں تک ’’مؑؤطا‘‘ میں ام المؤمنین حضرت عائشہ صدیقہ رضی اللہ عنہا والی روایت کا تعلق ہے تو  وہ تفسیر  پر محمول ہے اور امام محمدؒ بھی اس کو ’’باب التفسیر‘‘ میں ہی لائے ہیں اس لئے کہ یہ لفظ ’’وصلوٰۃ العصر‘‘ جن کا حضرت عائشہ نے لکھنے کو فرمایا تھا منسوخ التلاوۃ ہے چنانچہ مسلم شریف میں ہے حضرت براء بن عازبؓ فرماتے ہیں کہ یہ آیت ’’حافظوا علی الصلوات وصلوٰۃ العصر‘‘ نازل ہوئی تو جب تک اللہ نے چاہا ہم اس کو پڑھتے رہے پھر اس کو اللہ تعالیٰ نے منسوخ فرمادیا، پس یہ آیت نازل ہوئی: ’’حافظوا علی الصلوات والصلوٰۃ الوسطیٰ‘‘ (مسلم: ج۱، ص۲۲۷) اور پھر محدثین کے ہاں حضرت عائشہؓ کی مذکور تفسیری زیادتی بھی اس وقت کی ہے جب قرآنِ کریم کو مصاحف میں ابھی جمع نہیں کیا گیا تھا۔ مذکورہ بالا احادیث کی مکمل عبارت پڑھنے سے بخوبی معلوم ہوجاتا ہے کہ سائل نے احادیثِ رسول پیش کرنے میں کس خیانت اور قرآن پر اعتراض کرنے میں کس قدر ظلم و زیادتی کا مظاہرہ کیا ہے: ’’چہ دلاور است دردے کہ بکف چراغ دارد‘‘،	اگر وہ پوری مکمل حدیث پڑھ لیتے تو انہیں یہ اعتراض قطعاً  وارد  نہ ہوتے، جیسا کہ شروع میں بھی عرض کیا جاچکا ہے۔ لہٰذا اس قسم کے اعتراض کرنے اور اس قسم کی باتوں کو عوام میں پھیلانے سے احتراز لازم ہے۔,قرآن و حدیث,تحقیق و تخریج حدیث,58904,1998-02-02,https://www.onlinefatawa.com/view_fatwa_unicode/58904/%DA%A9%DB%8C%D8%A7-%D9%82%D8%B1%D8%A7%D9%93%D9%86-%D9%BE%D8%A7%DA%A9-%DA%A9%DB%8C-%DA%A9%DA%86%DA%BE-%DA%AF%D9%85%D8%B4%D8%AF%DB%81-%D8%A7%D9%93%DB%8C%D8%A7%D8%AA-%DB%81%DB%8C%DA%BA%D8%9F
کیا فرماتے ہیں علماءِ کرام اس مسئلہ کے بارے میں کہ کیا مندرجہ ذیل واقعات درست ہیں؟ (۱) حضرت ابوہریرہؓ فرماتے ہیں کہ جب میں ایمان لایا تو میں اونٹ چراتا تھا تو مجھے دیر ہوگئی جنگل میں، تو میں نے یعنی حضرت ابوہریرہ نے اسی جنگل میں یہ کہا کہ میں نے اپنی جان ان جنات کے بڑے کو حوالے کی ہے تو غیب سے آواز آئی کہ تم ایک اللہ پر ایمان لاؤ  اور جاؤ  ، مدینہ منورہ میں ایک نبی ہے اس پر ایمان لاؤ ، آیا یہ واقعہ سچ ہے یا نہیں؟ پھر یہ واقعہ حضرت عمرؓ کو بیان کیا تو انہوں نے یہ فرمایا کہ اگر آپ کا یہ واقعہ سچ نہ ہو ا تو میں آپ کو سزا دوں گا آپ اس واقعہ کا گواہ پیش کریں تو حضرت عثمانؓ نے فرمایا کہ اس کا گواہ میں ہوں۔ (۲) ایک چرواہا بکریاں چراہا رہا تھا کہ وہاں پر بھیڑیئے نے اس سے یہ کہا کہ جاؤ مدینہ جاؤ  اور وہاں پر ایک نبی ہے، اس پر ایمان لے آؤ ،  وہ آئے اور حضور ﷺ پر ایمان لے آئے، آیا یہ واقعہ بھی صحیح ہے یا نہیں؟ اور اس میں یہ بھی ہے کہ حضور ﷺ کو وحی کے ذریعے معلوم ہو ا  ا س واقعہ کا تو اچانک وہی چرواہا آگیا۔ (۳) اور ایک صحابی کے بارے میں آتا ہے کہ ان کو  بت نے دعوت دی کہ تم اللہ پر ایمان لے آؤ  ،اس لئے کہ ہمارا دور چلا گیا، ان صحابی کا نام کیا ہے اور یہ واقعہ صحیح ہے یا نہیں؟ امید ہے کہ مدلل جواب دے کر مشکور فرمائیں گے۔,(۱) سوال میں مذکور تینوں واقعات درست اور کتبِ حدیث میں موجود ہیں چنانچہ پہلا واقعہ حضرت ابوہریرہؓ کے ساتھ پیش نہیں آیا بلکہ حضرت ابوہریرہؓ اس حدیث کے راوی ہیں اور یہ واقعہ حضرت خریم بن فاتکؓ کے ساتھ پیش آیا جس کی پوری تفصیل حیاۃ الصحابہ جلد۳، صفحہ ۵۶۶ پر موجود ہے۔ (۲) اور دوسرا واقعہ ایک چرواہے کا ہے مگر اس میں یہ بات کہ ’’آپ ﷺ کو بذریعہ وحی معلوم ہوگیا تھا،ا لخ‘‘ نہیں ہے اس کی پوری تفصیل بھی حیاۃ الصحابہ جلد ۳، ص۶۰۱ پر اور البدایہ والنہایہ جلد۶، ص۱۵۰ پر بھی موجود ہے۔ (۳) یہ واقعہ حضرت عباس بن مرداس اسلمی کے ساتھ پیش آیا اس کی تفصیل بھی حیاۃ الصحابہ جلد ۳، ص۵۷۱ پر موجود ہے۔,قرآن و حدیث,تحقیق و تخریج حدیث,58908,1996-02-02,https://www.onlinefatawa.com/view_fatwa_unicode/58908/%D8%AD%D8%B6%D8%B1%D8%AA-%D8%AE%D8%B1%DB%8C%D9%85-%D8%A8%D9%86-%D9%81%D8%A7%D8%AA%DA%A9%D8%93--%DA%A9%DB%92-%D8%A7%DB%8C%D9%85%D8%A7%D9%86-%D9%84%D8%A7%D9%86%DB%92-%DA%A9%D8%A7-%D9%88%D8%A7%D9%82%D8%B9%DB%81